-- MySQL dump 10.14  Distrib 5.5.36-MariaDB, for Linux (x86_64)
--
-- Host: localhost    Database: FriendsAgainstHumanity
-- ------------------------------------------------------
-- Server version	5.5.36-MariaDB-log

/*!40101 SET @OLD_CHARACTER_SET_CLIENT=@@CHARACTER_SET_CLIENT */;
/*!40101 SET @OLD_CHARACTER_SET_RESULTS=@@CHARACTER_SET_RESULTS */;
/*!40101 SET @OLD_COLLATION_CONNECTION=@@COLLATION_CONNECTION */;
/*!40101 SET NAMES utf8 */;
/*!40103 SET @OLD_TIME_ZONE=@@TIME_ZONE */;
/*!40103 SET TIME_ZONE='+00:00' */;
/*!40014 SET @OLD_UNIQUE_CHECKS=@@UNIQUE_CHECKS, UNIQUE_CHECKS=0 */;
/*!40014 SET @OLD_FOREIGN_KEY_CHECKS=@@FOREIGN_KEY_CHECKS, FOREIGN_KEY_CHECKS=0 */;
/*!40101 SET @OLD_SQL_MODE=@@SQL_MODE, SQL_MODE='NO_AUTO_VALUE_ON_ZERO' */;
/*!40111 SET @OLD_SQL_NOTES=@@SQL_NOTES, SQL_NOTES=0 */;

--
-- Temporary table structure for view `AI_Players`
--

DROP TABLE IF EXISTS `AI_Players`;
/*!50001 DROP VIEW IF EXISTS `AI_Players`*/;
SET @saved_cs_client     = @@character_set_client;
SET character_set_client = utf8;
/*!50001 CREATE TABLE `AI_Players` (
  `ID` tinyint NOT NULL,
  `Name` tinyint NOT NULL,
  `AuthToken` tinyint NOT NULL
) ENGINE=MyISAM */;
SET character_set_client = @saved_cs_client;

--
-- Table structure for table `BlackCard`
--

DROP TABLE IF EXISTS `BlackCard`;
/*!40101 SET @saved_cs_client     = @@character_set_client */;
/*!40101 SET character_set_client = utf8 */;
CREATE TABLE `BlackCard` (
  `ID` int(11) NOT NULL AUTO_INCREMENT,
  `NumAnswers` tinyint(3) unsigned NOT NULL DEFAULT '0',
  PRIMARY KEY (`ID`),
  UNIQUE KEY `ID_UNIQUE` (`ID`)
) ENGINE=InnoDB AUTO_INCREMENT=549 DEFAULT CHARSET=utf8;
/*!40101 SET character_set_client = @saved_cs_client */;

--
-- Dumping data for table `BlackCard`
--

LOCK TABLES `BlackCard` WRITE;
/*!40000 ALTER TABLE `BlackCard` DISABLE KEYS */;
INSERT INTO `BlackCard` VALUES (459,1),(460,1),(461,1),(462,1),(463,1),(464,1),(465,1),(466,1),(467,1),(468,1),(469,2),(470,1),(471,1),(472,1),(473,1),(474,1),(475,1),(476,1),(477,1),(478,1),(479,1),(480,2),(481,1),(482,2),(483,1),(484,1),(485,1),(486,1),(487,1),(488,2),(489,2),(490,1),(491,1),(492,1),(493,1),(494,1),(495,1),(496,2),(497,1),(498,1),(499,1),(500,1),(501,1),(502,1),(503,1),(504,1),(505,1),(506,1),(507,1),(508,1),(509,1),(510,1),(511,2),(512,2),(513,1),(514,1),(515,1),(516,1),(517,1),(518,1),(519,1),(520,1),(521,2),(522,1),(523,1),(524,1),(525,1),(526,1),(527,1),(528,1),(529,1),(530,1),(531,1),(532,1),(533,3),(534,1),(535,1),(536,1),(537,1),(538,1),(539,1),(540,2),(541,1),(542,2),(543,2),(544,1),(545,3),(546,1),(547,1),(548,1);
/*!40000 ALTER TABLE `BlackCard` ENABLE KEYS */;
UNLOCK TABLES;

--
-- Temporary table structure for view `BlackCardUseCount`
--

DROP TABLE IF EXISTS `BlackCardUseCount`;
/*!50001 DROP VIEW IF EXISTS `BlackCardUseCount`*/;
SET @saved_cs_client     = @@character_set_client;
SET character_set_client = utf8;
/*!50001 CREATE TABLE `BlackCardUseCount` (
  `BlackCardID` tinyint NOT NULL,
  `count` tinyint NOT NULL
) ENGINE=MyISAM */;
SET character_set_client = @saved_cs_client;

--
-- Temporary table structure for view `BlackDeck`
--

DROP TABLE IF EXISTS `BlackDeck`;
/*!50001 DROP VIEW IF EXISTS `BlackDeck`*/;
SET @saved_cs_client     = @@character_set_client;
SET character_set_client = utf8;
/*!50001 CREATE TABLE `BlackDeck` (
  `CardID` tinyint NOT NULL,
  `GameID` tinyint NOT NULL
) ENGINE=MyISAM */;
SET character_set_client = @saved_cs_client;

--
-- Table structure for table `BlackDeck2`
--

DROP TABLE IF EXISTS `BlackDeck2`;
/*!40101 SET @saved_cs_client     = @@character_set_client */;
/*!40101 SET character_set_client = utf8 */;
CREATE TABLE `BlackDeck2` (
  `CardID` int(11) DEFAULT NULL,
  `GameID` int(11) DEFAULT NULL
) ENGINE=InnoDB DEFAULT CHARSET=utf8;
/*!40101 SET character_set_client = @saved_cs_client */;

--
-- Dumping data for table `BlackDeck2`
--

LOCK TABLES `BlackDeck2` WRITE;
/*!40000 ALTER TABLE `BlackDeck2` DISABLE KEYS */;
INSERT INTO `BlackDeck2` VALUES (459,1),(460,1),(461,1),(462,1),(463,1),(464,1),(465,1),(466,1),(467,1),(468,1),(469,1),(470,1),(471,1),(472,1),(473,1),(474,1),(475,1),(476,1),(477,1),(478,1),(479,1),(480,1),(481,1),(482,1),(483,1),(484,1),(485,1),(486,1),(487,1),(488,1),(489,1),(490,1),(491,1),(492,1),(493,1),(494,1),(495,1),(496,1),(497,1),(498,1),(499,1),(500,1),(501,1),(502,1),(503,1),(504,1),(505,1),(506,1),(507,1),(508,1),(509,1),(510,1),(511,1),(512,1),(513,1),(514,1),(515,1),(516,1),(517,1),(518,1),(519,1),(520,1),(521,1),(522,1),(523,1),(524,1),(525,1),(526,1),(527,1),(528,1),(529,1),(530,1),(531,1),(532,1),(533,1),(534,1),(535,1),(536,1),(537,1),(538,1),(539,1),(540,1),(541,1),(542,1),(543,1),(544,1),(545,1),(546,1),(547,1),(548,1),(459,2),(460,2),(461,2),(462,2),(463,2),(464,2),(465,2),(466,2),(467,2),(468,2),(469,2),(470,2),(471,2),(472,2),(473,2),(474,2),(475,2),(476,2),(477,2),(478,2),(479,2),(480,2),(481,2),(482,2),(483,2),(484,2),(485,2),(486,2),(487,2),(488,2),(489,2),(490,2),(491,2),(492,2),(493,2),(494,2),(495,2),(496,2),(497,2),(498,2),(499,2),(500,2),(501,2),(502,2),(503,2),(504,2),(505,2),(506,2),(507,2),(508,2),(509,2),(510,2),(511,2),(512,2),(513,2),(514,2),(515,2),(516,2),(517,2),(518,2),(519,2),(520,2),(521,2),(522,2),(523,2),(524,2),(525,2),(526,2),(527,2),(528,2),(529,2),(530,2),(531,2),(532,2),(533,2),(534,2),(535,2),(536,2),(537,2),(538,2),(539,2),(540,2),(541,2),(542,2),(543,2),(544,2),(545,2),(546,2),(547,2),(548,2),(459,3),(460,3),(461,3),(462,3),(463,3),(464,3),(465,3),(466,3),(467,3),(468,3),(469,3),(470,3),(471,3),(472,3),(473,3),(474,3),(475,3),(476,3),(477,3),(478,3),(479,3),(480,3),(481,3),(482,3),(483,3),(484,3),(485,3),(486,3),(487,3),(488,3),(489,3),(490,3),(491,3),(492,3),(493,3),(494,3),(495,3),(496,3),(497,3),(498,3),(499,3),(500,3),(501,3),(502,3),(503,3),(504,3),(505,3),(506,3),(507,3),(508,3),(509,3),(510,3),(511,3),(512,3),(513,3),(514,3),(515,3),(516,3),(517,3),(518,3),(519,3),(520,3),(521,3),(522,3),(523,3),(524,3),(525,3),(526,3),(527,3),(528,3),(529,3),(530,3),(531,3),(532,3),(533,3),(534,3),(535,3),(536,3),(537,3),(538,3),(539,3),(540,3),(541,3),(542,3),(543,3),(544,3),(545,3),(546,3),(547,3),(548,3),(459,4),(460,4),(461,4),(462,4),(463,4),(464,4),(465,4),(466,4),(467,4),(468,4),(469,4),(470,4),(471,4),(472,4),(473,4),(474,4),(475,4),(476,4),(477,4),(478,4),(479,4),(480,4),(481,4),(482,4),(483,4),(484,4),(485,4),(486,4),(487,4),(488,4),(489,4),(490,4),(491,4),(492,4),(493,4),(494,4),(495,4),(496,4),(497,4),(498,4),(499,4),(500,4),(501,4),(502,4),(503,4),(504,4),(505,4),(506,4),(507,4),(508,4),(509,4),(510,4),(511,4),(512,4),(513,4),(514,4),(515,4),(516,4),(517,4),(518,4),(519,4),(520,4),(521,4),(522,4),(523,4),(524,4),(525,4),(526,4),(527,4),(528,4),(529,4),(530,4),(531,4),(532,4),(533,4),(534,4),(535,4),(536,4),(537,4),(538,4),(539,4),(540,4),(541,4),(542,4),(543,4),(544,4),(545,4),(546,4),(547,4),(548,4),(459,5),(460,5),(461,5),(462,5),(463,5),(464,5),(465,5),(466,5),(467,5),(468,5),(469,5),(470,5),(471,5),(472,5),(473,5),(474,5),(475,5),(476,5),(477,5),(478,5),(479,5),(480,5),(481,5),(482,5),(483,5),(484,5),(485,5),(486,5),(487,5),(488,5),(489,5),(490,5),(491,5),(492,5),(493,5),(494,5),(495,5),(496,5),(497,5),(498,5),(499,5),(500,5),(501,5),(502,5),(503,5),(504,5),(505,5),(506,5),(507,5),(508,5),(509,5),(510,5),(511,5),(512,5),(513,5),(514,5),(515,5),(516,5),(517,5),(518,5),(519,5),(520,5),(521,5),(522,5),(523,5),(524,5),(525,5),(526,5),(527,5),(528,5),(529,5),(530,5),(531,5),(532,5),(533,5),(534,5),(535,5),(536,5),(537,5),(538,5),(539,5),(540,5),(541,5),(542,5),(543,5),(544,5),(545,5),(546,5),(547,5),(548,5),(459,6),(460,6),(461,6),(462,6),(463,6),(464,6),(465,6),(466,6),(467,6),(468,6),(469,6),(470,6),(471,6),(472,6),(473,6),(474,6),(475,6),(476,6),(477,6),(478,6),(479,6),(480,6),(481,6),(482,6),(483,6),(484,6),(485,6),(486,6),(487,6),(488,6),(489,6),(490,6),(491,6),(492,6),(493,6),(494,6),(495,6),(496,6),(497,6),(498,6),(499,6),(500,6),(501,6),(502,6),(503,6),(504,6),(505,6),(506,6),(507,6),(508,6),(509,6),(510,6),(511,6),(512,6),(513,6),(514,6),(515,6),(516,6),(517,6),(518,6),(519,6),(520,6),(521,6),(522,6),(523,6),(524,6),(525,6),(526,6),(527,6),(528,6),(529,6),(530,6),(531,6),(532,6),(533,6),(534,6),(535,6),(536,6),(537,6),(538,6),(539,6),(540,6),(541,6),(542,6),(543,6),(544,6),(545,6),(546,6),(547,6),(548,6),(459,7),(460,7),(461,7),(462,7),(463,7),(464,7),(465,7),(466,7),(467,7),(468,7),(469,7),(470,7),(471,7),(472,7),(473,7),(474,7),(475,7),(476,7),(477,7),(478,7),(479,7),(480,7),(481,7),(482,7),(483,7),(484,7),(485,7),(486,7),(487,7),(488,7),(489,7),(490,7),(491,7),(492,7),(493,7),(494,7),(495,7),(496,7),(497,7),(498,7),(499,7),(500,7),(501,7),(502,7),(503,7),(504,7),(505,7),(506,7),(507,7),(508,7),(509,7),(510,7),(511,7),(512,7),(513,7),(514,7),(515,7),(516,7),(517,7),(518,7),(519,7),(520,7),(521,7),(522,7),(523,7),(524,7),(525,7),(526,7),(527,7),(528,7),(529,7),(530,7),(531,7),(532,7),(533,7),(534,7),(535,7),(536,7),(537,7),(538,7),(539,7),(540,7),(541,7),(542,7),(543,7),(544,7),(545,7),(546,7),(547,7),(548,7),(460,8),(461,8),(462,8),(463,8),(464,8),(465,8),(466,8),(467,8),(468,8),(469,8),(470,8),(471,8),(472,8),(473,8),(474,8),(475,8),(477,8),(478,8),(479,8),(480,8),(481,8),(482,8),(483,8),(484,8),(485,8),(488,8),(489,8),(491,8),(493,8),(494,8),(496,8),(497,8),(498,8),(499,8),(500,8),(501,8),(502,8),(504,8),(505,8),(506,8),(507,8),(509,8),(510,8),(511,8),(512,8),(513,8),(514,8),(515,8),(516,8),(517,8),(518,8),(519,8),(520,8),(521,8),(522,8),(525,8),(526,8),(528,8),(529,8),(530,8),(531,8),(532,8),(533,8),(534,8),(535,8),(536,8),(537,8),(538,8),(541,8),(543,8),(544,8),(545,8),(546,8),(547,8),(548,8),(459,9),(460,9),(461,9),(462,9),(463,9),(464,9),(465,9),(466,9),(467,9),(468,9),(469,9),(470,9),(471,9),(472,9),(473,9),(474,9),(475,9),(476,9),(477,9),(478,9),(479,9),(480,9),(481,9),(482,9),(483,9),(484,9),(485,9),(486,9),(487,9),(488,9),(489,9),(490,9),(491,9),(492,9),(493,9),(494,9),(495,9),(496,9),(497,9),(498,9),(499,9),(500,9),(501,9),(502,9),(503,9),(504,9),(505,9),(506,9),(507,9),(508,9),(509,9),(510,9),(511,9),(512,9),(513,9),(514,9),(515,9),(516,9),(517,9),(518,9),(519,9),(520,9),(521,9),(522,9),(523,9),(524,9),(525,9),(526,9),(527,9),(528,9),(529,9),(530,9),(531,9),(532,9),(533,9),(534,9),(535,9),(536,9),(537,9),(538,9),(539,9),(540,9),(541,9),(542,9),(543,9),(544,9),(545,9),(546,9),(547,9),(548,9),(459,10),(460,10),(461,10),(462,10),(463,10),(464,10),(465,10),(466,10),(467,10),(468,10),(469,10),(470,10),(471,10),(472,10),(473,10),(474,10),(475,10),(476,10),(477,10),(478,10),(479,10),(480,10),(481,10),(482,10),(483,10),(484,10),(485,10),(486,10),(487,10),(488,10),(489,10),(490,10),(491,10),(492,10),(493,10),(494,10),(495,10),(496,10),(497,10),(498,10),(499,10),(500,10),(501,10),(502,10),(503,10),(504,10),(505,10),(506,10),(507,10),(508,10),(509,10),(510,10),(511,10),(512,10),(513,10),(514,10),(515,10),(516,10),(517,10),(518,10),(519,10),(520,10),(521,10),(522,10),(523,10),(524,10),(525,10),(526,10),(527,10),(528,10),(529,10),(530,10),(531,10),(532,10),(533,10),(534,10),(535,10),(536,10),(537,10),(538,10),(539,10),(540,10),(541,10),(542,10),(543,10),(544,10),(545,10),(546,10),(547,10),(548,10),(459,11),(460,11),(461,11),(462,11),(463,11),(464,11),(465,11),(466,11),(467,11),(468,11),(469,11),(470,11),(471,11),(472,11),(473,11),(474,11),(475,11),(476,11),(477,11),(478,11),(479,11),(480,11),(481,11),(482,11),(483,11),(484,11),(485,11),(486,11),(487,11),(488,11),(489,11),(490,11),(491,11),(492,11),(493,11),(494,11),(495,11),(496,11),(497,11),(498,11),(499,11),(500,11),(501,11),(502,11),(503,11),(504,11),(505,11),(506,11),(507,11),(508,11),(509,11),(510,11),(511,11),(512,11),(513,11),(514,11),(515,11),(516,11),(517,11),(518,11),(519,11),(520,11),(521,11),(522,11),(523,11),(524,11),(525,11),(526,11),(527,11),(528,11),(529,11),(530,11),(531,11),(532,11),(533,11),(534,11),(535,11),(536,11),(537,11),(538,11),(539,11),(540,11),(541,11),(542,11),(543,11),(544,11),(545,11),(546,11),(547,11),(548,11),(459,12),(460,12),(461,12),(462,12),(463,12),(464,12),(465,12),(466,12),(467,12),(468,12),(469,12),(470,12),(471,12),(472,12),(473,12),(475,12),(476,12),(477,12),(478,12),(479,12),(480,12),(481,12),(482,12),(483,12),(484,12),(485,12),(486,12),(488,12),(489,12),(490,12),(491,12),(492,12),(493,12),(494,12),(495,12),(496,12),(497,12),(498,12),(499,12),(500,12),(501,12),(502,12),(503,12),(505,12),(506,12),(507,12),(508,12),(509,12),(510,12),(511,12),(512,12),(513,12),(514,12),(515,12),(516,12),(517,12),(518,12),(519,12),(520,12),(521,12),(522,12),(523,12),(524,12),(525,12),(526,12),(527,12),(528,12),(529,12),(531,12),(532,12),(533,12),(534,12),(535,12),(536,12),(537,12),(538,12),(539,12),(540,12),(541,12),(543,12),(544,12),(545,12),(546,12),(547,12),(548,12),(459,13),(460,13),(461,13),(462,13),(463,13),(464,13),(465,13),(466,13),(467,13),(468,13),(469,13),(470,13),(471,13),(472,13),(473,13),(474,13),(475,13),(476,13),(477,13),(478,13),(479,13),(480,13),(481,13),(482,13),(483,13),(484,13),(485,13),(486,13),(487,13),(488,13),(489,13),(490,13),(491,13),(492,13),(493,13),(494,13),(495,13),(496,13),(497,13),(498,13),(499,13),(500,13),(501,13),(502,13),(503,13),(504,13),(505,13),(506,13),(507,13),(508,13),(509,13),(510,13),(511,13),(512,13),(513,13),(514,13),(515,13),(516,13),(517,13),(518,13),(519,13),(520,13),(521,13),(522,13),(523,13),(524,13),(525,13),(526,13),(527,13),(528,13),(529,13),(530,13),(531,13),(532,13),(533,13),(534,13),(535,13),(536,13),(537,13),(538,13),(539,13),(540,13),(541,13),(542,13),(543,13),(544,13),(545,13),(546,13),(547,13),(548,13),(459,14),(460,14),(461,14),(462,14),(463,14),(464,14),(465,14),(466,14),(467,14),(468,14),(469,14),(470,14),(471,14),(472,14),(473,14),(474,14),(475,14),(476,14),(477,14),(478,14),(479,14),(480,14),(481,14),(482,14),(483,14),(484,14),(485,14),(486,14),(487,14),(488,14),(489,14),(490,14),(491,14),(492,14),(493,14),(494,14),(495,14),(496,14),(497,14),(498,14),(499,14),(500,14),(501,14),(502,14),(503,14),(504,14),(505,14),(506,14),(507,14),(508,14),(509,14),(510,14),(511,14),(512,14),(513,14),(514,14),(515,14),(516,14),(517,14),(518,14),(519,14),(520,14),(521,14),(522,14),(523,14),(524,14),(525,14),(526,14),(527,14),(528,14),(529,14),(530,14),(531,14),(532,14),(533,14),(534,14),(535,14),(536,14),(537,14),(538,14),(539,14),(540,14),(541,14),(542,14),(543,14),(544,14),(545,14),(546,14),(547,14),(548,14),(459,15),(460,15),(461,15),(462,15),(463,15),(464,15),(465,15),(466,15),(467,15),(468,15),(469,15),(470,15),(471,15),(472,15),(473,15),(474,15),(475,15),(476,15),(477,15),(478,15),(479,15),(480,15),(481,15),(482,15),(483,15),(484,15),(485,15),(486,15),(487,15),(488,15),(489,15),(490,15),(491,15),(492,15),(493,15),(494,15),(495,15),(496,15),(497,15),(498,15),(499,15),(500,15),(501,15),(502,15),(503,15),(504,15),(505,15),(506,15),(507,15),(508,15),(509,15),(510,15),(511,15),(512,15),(513,15),(514,15),(515,15),(516,15),(517,15),(518,15),(519,15),(520,15),(521,15),(522,15),(523,15),(524,15),(525,15),(526,15),(527,15),(528,15),(529,15),(530,15),(531,15),(532,15),(533,15),(534,15),(535,15),(536,15),(537,15),(538,15),(539,15),(540,15),(541,15),(542,15),(543,15),(544,15),(545,15),(546,15),(547,15),(548,15),(459,16),(460,16),(461,16),(462,16),(463,16),(464,16),(465,16),(466,16),(467,16),(468,16),(469,16),(470,16),(471,16),(472,16),(473,16),(474,16),(475,16),(476,16),(477,16),(478,16),(479,16),(480,16),(481,16),(482,16),(483,16),(484,16),(485,16),(486,16),(487,16),(488,16),(489,16),(490,16),(491,16),(492,16),(493,16),(494,16),(495,16),(496,16),(497,16),(498,16),(499,16),(500,16),(501,16),(502,16),(503,16),(504,16),(505,16),(506,16),(507,16),(508,16),(509,16),(510,16),(511,16),(512,16),(513,16),(514,16),(515,16),(516,16),(517,16),(518,16),(519,16),(520,16),(521,16),(522,16),(523,16),(524,16),(525,16),(526,16),(527,16),(528,16),(529,16),(530,16),(531,16),(532,16),(533,16),(534,16),(535,16),(536,16),(537,16),(538,16),(539,16),(540,16),(541,16),(542,16),(543,16),(544,16),(545,16),(546,16),(547,16),(548,16);
/*!40000 ALTER TABLE `BlackDeck2` ENABLE KEYS */;
UNLOCK TABLES;

--
-- Table structure for table `CardInHand`
--

DROP TABLE IF EXISTS `CardInHand`;
/*!40101 SET @saved_cs_client     = @@character_set_client */;
/*!40101 SET character_set_client = utf8 */;
CREATE TABLE `CardInHand` (
  `CardID` int(11) DEFAULT NULL,
  `PlayerID` int(11) DEFAULT NULL,
  `GameID` int(11) DEFAULT NULL,
  `RoundAcquired` int(11) DEFAULT NULL,
  `RoundPlayed` int(11) DEFAULT NULL,
  `PlayedOrder` int(11) DEFAULT NULL
) ENGINE=InnoDB DEFAULT CHARSET=utf8;
/*!40101 SET character_set_client = @saved_cs_client */;

--
-- Dumping data for table `CardInHand`
--

LOCK TABLES `CardInHand` WRITE;
/*!40000 ALTER TABLE `CardInHand` DISABLE KEYS */;
INSERT INTO `CardInHand` VALUES (165,120,57,1,1,0),(46,120,57,1,2,0),(427,120,57,1,3,0),(39,120,57,1,5,0),(364,120,57,1,6,0),(276,120,57,1,7,0),(224,120,57,1,8,0),(82,120,57,1,9,0),(92,120,57,1,9,1),(432,120,57,1,10,0),(25,120,57,1,4,0),(258,119,57,1,1,0),(31,119,57,1,2,0),(312,119,57,1,3,0),(119,119,57,1,5,0),(120,119,57,1,6,0),(289,119,57,1,7,0),(246,119,57,1,8,0),(121,119,57,1,9,0),(298,119,57,1,4,0),(429,119,57,1,9,1),(44,119,57,1,10,0),(388,121,57,1,0,0),(158,121,57,1,0,0),(286,121,57,1,0,0),(102,121,57,1,0,0),(81,121,57,1,0,0),(331,121,57,1,0,0),(173,121,57,1,0,0),(27,121,57,1,0,0),(243,121,57,1,0,0),(380,121,57,1,0,0),(186,120,57,2,11,0),(128,119,57,2,11,0),(410,120,57,3,12,0),(152,119,57,3,12,0),(42,120,57,4,12,1),(77,119,57,4,12,1),(405,120,57,5,13,0),(1,119,57,5,13,0),(247,120,57,6,0,0),(187,119,57,6,0,0),(361,120,57,7,0,0),(56,119,57,7,0,0),(125,120,57,8,0,0),(251,119,57,8,0,0),(137,120,57,9,0,0),(399,120,57,9,0,0),(139,119,57,9,0,0),(284,119,57,9,0,0),(7,120,57,10,0,0),(230,119,57,10,0,0),(400,120,57,11,0,0),(281,119,57,11,0,0),(110,120,57,12,0,0),(38,120,57,12,0,0),(60,119,57,12,0,0),(65,119,57,12,0,0),(411,120,57,13,0,0),(94,119,57,13,0,0),(47,120,58,1,1,0),(161,120,58,1,1,1),(233,120,58,1,2,0),(105,120,58,1,3,0),(100,120,58,1,3,1),(41,120,58,1,4,0),(76,120,58,1,5,0),(8,120,58,1,5,1),(65,120,58,1,5,2),(122,120,58,1,8,0),(12,120,58,1,9,0),(284,120,58,1,6,0),(104,119,58,1,1,0),(22,119,58,1,1,1),(430,119,58,1,2,0),(398,119,58,1,3,0),(399,119,58,1,3,1),(180,119,58,1,4,0),(281,119,58,1,5,0),(269,119,58,1,5,1),(433,119,58,1,5,2),(49,119,58,1,8,0),(323,119,58,1,6,0),(80,119,58,1,9,0),(167,118,58,1,1,0),(266,118,58,1,1,1),(278,118,58,1,2,0),(304,118,58,1,3,0),(309,118,58,1,3,1),(156,118,58,1,4,0),(198,118,58,1,5,0),(204,118,58,1,5,1),(68,118,58,1,5,2),(88,118,58,1,8,0),(412,118,58,1,9,0),(395,118,58,1,10,0),(10,117,58,1,1,0),(210,117,58,1,1,1),(367,117,58,1,2,0),(117,117,58,1,3,0),(416,117,58,1,3,1),(359,117,58,1,4,0),(124,117,58,1,5,0),(79,117,58,1,5,1),(40,117,58,1,5,2),(378,117,58,1,8,0),(380,117,58,1,9,0),(305,117,58,1,7,0),(393,116,58,1,1,0),(408,116,58,1,1,1),(418,116,58,1,2,0),(195,116,58,1,3,0),(120,116,58,1,3,1),(115,116,58,1,4,0),(111,116,58,1,5,0),(147,116,58,1,5,1),(373,116,58,1,5,2),(445,116,58,1,6,0),(402,116,58,1,8,0),(249,116,58,1,9,0),(444,115,58,1,1,0),(295,115,58,1,1,1),(186,115,58,1,2,0),(451,115,58,1,3,0),(164,115,58,1,3,1),(3,115,58,1,4,0),(143,115,58,1,5,0),(219,115,58,1,5,1),(442,115,58,1,5,2),(169,115,58,1,8,0),(61,115,58,1,9,0),(315,115,58,1,10,0),(325,0,58,1,0,0),(318,0,58,1,0,0),(312,0,58,1,0,0),(394,121,58,1,0,0),(176,121,58,1,0,0),(413,0,58,1,0,0),(391,121,58,1,0,0),(177,0,58,1,0,0),(409,121,58,1,0,0),(129,121,58,1,0,0),(114,0,58,1,0,0),(450,121,58,1,0,0),(335,0,58,1,0,0),(437,121,58,1,0,0),(90,0,58,1,0,0),(200,121,58,1,0,0),(209,0,58,1,0,0),(245,121,58,1,0,0),(313,0,58,1,0,0),(66,121,58,1,0,0),(74,0,58,1,0,0),(247,0,58,1,0,0),(336,0,58,1,0,0),(42,0,58,1,0,0),(254,0,58,1,0,0),(330,0,58,1,0,0),(51,0,58,1,0,0),(417,0,58,1,0,0),(370,0,58,1,0,0),(455,0,58,1,0,0),(6,120,58,2,10,0),(289,119,58,2,10,0),(288,118,58,2,7,0),(434,117,58,2,10,0),(38,116,58,2,10,0),(43,115,58,2,12,0),(123,120,58,3,12,0),(168,120,58,3,7,0),(419,119,58,3,12,0),(58,119,58,3,14,0),(25,118,58,3,11,0),(263,118,58,3,12,0),(243,117,58,3,6,0),(258,117,58,3,12,0),(236,116,58,3,12,0),(329,116,58,3,14,0),(96,115,58,3,14,0),(265,115,58,3,15,0),(21,120,58,4,14,0),(339,119,58,4,7,0),(294,118,58,4,14,0),(30,117,58,4,14,0),(202,116,58,4,15,0),(214,115,58,4,16,0),(103,120,58,5,13,1),(257,120,58,5,15,0),(241,120,58,5,16,0),(432,119,58,5,13,1),(215,119,58,5,15,0),(405,119,58,5,16,0),(118,118,58,5,6,0),(251,118,58,5,15,0),(343,118,58,5,16,0),(303,117,58,5,11,0),(106,117,58,5,15,0),(87,117,58,5,16,0),(346,116,58,5,16,0),(388,116,58,5,17,0),(340,116,58,5,7,0),(372,115,58,5,6,0),(230,115,58,5,13,0),(415,115,58,5,17,0),(440,120,58,6,17,0),(396,119,58,6,17,0),(193,118,58,6,13,0),(37,117,58,6,17,0),(194,116,58,6,18,0),(229,115,58,6,7,0),(285,120,58,7,11,0),(244,119,58,7,18,0),(443,118,58,7,17,0),(63,117,58,7,18,0),(86,116,58,7,18,1),(32,115,58,7,13,1),(293,120,58,8,18,0),(112,119,58,8,13,0),(238,118,58,8,13,1),(158,117,58,8,18,1),(296,116,58,8,11,0),(421,115,58,8,18,0),(116,120,58,9,13,0),(138,119,58,9,11,0),(369,118,58,9,18,0),(364,117,58,9,19,0),(363,116,58,9,13,0),(319,115,58,9,18,1),(166,120,58,10,18,1),(5,119,58,10,18,1),(227,118,58,10,18,1),(81,117,58,10,13,1),(287,116,58,10,19,0),(121,115,58,10,11,0),(422,120,58,11,19,0),(328,119,58,11,19,0),(31,118,58,11,19,0),(375,117,58,11,20,0),(34,116,58,11,13,1),(253,115,58,11,19,0),(456,120,58,12,20,0),(237,119,58,12,20,0),(140,118,58,12,20,0),(447,117,58,12,13,0),(379,116,58,12,20,0),(322,115,58,12,20,0),(130,120,58,13,21,0),(252,120,58,13,22,0),(197,119,58,13,21,0),(17,119,58,13,22,0),(361,118,58,13,21,0),(239,118,58,13,22,0),(353,117,58,13,21,0),(83,117,58,13,22,0),(211,116,58,13,21,0),(93,116,58,13,22,0),(299,115,58,13,21,0),(2,115,58,13,22,0),(337,120,58,14,23,0),(298,119,58,14,23,0),(234,118,58,14,23,0),(377,117,58,14,23,0),(102,116,58,14,23,0),(217,115,58,14,23,0),(323,121,56,1,0,0),(255,121,56,1,0,0),(250,121,56,1,0,0),(112,121,56,1,0,0),(408,121,56,1,0,0),(77,121,56,1,0,0),(378,121,56,1,0,0),(448,121,56,1,0,0),(45,121,56,1,0,0),(144,121,56,1,0,0),(14,120,58,15,24,0),(148,119,58,15,24,0),(178,118,58,15,24,0),(73,117,58,15,24,0),(92,116,58,15,24,0),(446,115,58,15,24,0),(220,120,58,16,25,0),(85,119,58,16,25,0),(206,118,58,16,25,0),(347,117,58,16,25,0),(4,116,58,16,25,0),(385,115,58,16,25,0),(183,120,58,17,26,0),(362,119,58,17,26,0),(48,118,58,17,26,0),(163,117,58,17,26,0),(144,116,58,17,26,0),(207,115,58,17,26,0),(33,120,58,18,28,0),(20,120,58,18,29,0),(179,119,58,18,28,0),(46,119,58,18,29,0),(44,118,58,18,28,0),(196,118,58,18,29,0),(297,117,58,18,28,0),(386,117,58,18,29,0),(50,116,58,18,28,0),(291,116,58,18,29,0),(16,115,58,18,28,0),(406,115,58,18,29,0),(441,120,58,19,31,0),(185,119,58,19,31,0),(429,118,58,19,31,0),(242,117,58,19,27,0),(27,116,58,19,31,0),(182,115,58,19,31,0),(428,120,58,20,32,0),(224,119,58,20,32,0),(383,118,58,20,32,0),(64,117,58,20,31,0),(389,116,58,20,32,0),(425,115,58,20,27,0),(160,120,58,21,33,0),(157,119,58,21,30,0),(107,118,58,21,33,0),(250,117,58,21,32,0),(390,116,58,21,33,0),(454,115,58,21,32,0),(400,120,58,22,33,1),(134,119,58,22,33,0),(191,118,58,22,33,1),(1,117,58,22,33,0),(286,116,58,22,27,0),(94,115,58,22,33,0),(77,120,58,23,33,2),(261,119,58,23,33,1),(274,118,58,23,33,2),(292,117,58,23,30,0),(324,116,58,23,33,1),(159,115,58,23,33,1),(448,120,58,24,35,0),(357,119,58,24,27,0),(354,118,58,24,35,0),(356,117,58,24,33,1),(208,116,58,24,33,2),(225,115,58,24,33,2),(154,120,58,25,27,0),(358,119,58,25,33,2),(273,118,58,25,27,0),(321,117,58,25,33,2),(397,116,58,25,35,0),(132,115,58,25,34,0),(24,120,58,26,36,0),(255,119,58,26,35,0),(267,118,58,26,36,0),(376,117,58,26,35,0),(45,116,58,26,36,0),(283,115,58,26,35,0),(282,120,58,27,30,0),(381,119,58,27,36,0),(82,118,58,27,39,0),(232,117,58,27,34,0),(125,116,58,27,30,0),(127,115,58,27,36,0),(435,120,58,28,37,0),(371,119,58,28,38,0),(69,118,58,28,30,0),(108,117,58,28,36,0),(155,116,58,28,39,0),(135,115,58,28,30,0),(174,120,58,29,39,0),(414,119,58,29,39,0),(449,118,58,29,40,0),(75,117,58,29,39,0),(226,116,58,29,40,0),(423,115,58,29,39,0),(436,120,58,30,40,0),(223,119,58,30,40,0),(98,118,58,30,38,0),(39,117,58,30,40,0),(327,116,58,30,41,0),(320,115,58,30,40,0),(162,120,58,31,38,0),(18,119,58,31,41,0),(384,118,58,31,34,0),(420,117,58,31,41,0),(277,116,58,31,42,0),(59,115,58,31,41,0),(84,120,58,32,41,0),(55,119,58,32,42,0),(149,118,58,32,37,0),(113,117,58,32,42,0),(142,116,58,32,43,0),(171,115,58,32,38,0),(270,120,58,33,34,0),(141,120,58,33,42,0),(260,120,58,33,43,0),(368,119,58,33,43,0),(35,119,58,33,37,0),(199,119,58,33,34,0),(349,118,58,33,41,0),(407,118,58,33,42,0),(264,118,58,33,43,0),(62,117,58,33,43,0),(240,117,58,33,44,0),(170,117,58,33,38,0),(342,116,58,33,34,0),(221,116,58,33,44,0),(438,116,58,33,46,0),(427,115,58,33,42,0),(11,115,58,33,43,0),(316,115,58,33,37,0),(300,120,58,34,44,0),(53,119,58,34,44,0),(54,118,58,34,44,0),(403,117,58,34,46,0),(109,116,58,34,38,0),(28,115,58,34,44,0),(67,120,58,35,46,0),(331,119,58,35,46,0),(235,118,58,35,46,0),(152,117,58,35,47,0),(256,116,58,35,37,0),(190,115,58,35,46,0),(302,120,58,36,47,0),(355,119,58,36,47,0),(308,118,58,36,45,0),(458,117,58,36,37,0),(453,116,58,36,47,0),(172,115,58,36,47,0),(279,120,58,37,45,0),(52,119,58,37,48,0),(341,118,58,37,47,0),(201,117,58,37,48,0),(401,116,58,37,48,0),(133,115,58,37,48,0),(110,120,58,38,48,0),(365,119,58,38,49,0),(352,118,58,38,48,0),(306,117,58,38,49,0),(205,116,58,38,45,0),(192,115,58,38,49,0),(57,120,58,39,49,0),(326,119,58,39,45,0),(350,118,58,39,49,0),(276,117,58,39,50,0),(218,116,58,39,49,0),(60,115,58,39,50,0),(351,120,58,40,50,0),(387,119,58,40,50,0),(9,118,58,40,50,0),(344,117,58,40,50,1),(139,116,58,40,50,0),(345,115,58,40,45,0),(151,120,58,41,50,1),(332,119,58,41,50,1),(311,118,58,41,50,1),(366,117,58,41,51,0),(71,116,58,41,50,1),(374,115,58,41,50,1),(29,120,58,42,51,0),(181,119,58,42,51,0),(72,118,58,42,51,0),(19,117,58,42,45,0),(13,116,58,42,51,0),(188,115,58,42,51,0),(262,120,58,43,53,0),(314,119,58,43,53,0),(333,118,58,43,53,0),(268,117,58,43,53,0),(145,116,58,43,53,0),(271,115,58,43,53,0),(23,120,58,44,52,0),(153,119,58,44,53,1),(89,118,58,44,53,1),(424,117,58,44,53,1),(360,116,58,44,53,1),(101,115,58,44,53,1),(310,120,58,45,53,1),(275,119,58,45,55,0),(136,118,58,45,54,0),(187,117,58,45,55,0),(348,116,58,45,55,0),(126,115,58,45,55,0),(146,120,58,46,55,0),(119,119,58,46,54,1),(338,118,58,46,54,1),(452,117,58,46,52,0),(307,116,58,46,56,0),(91,115,58,46,54,1),(228,120,58,47,56,0),(334,119,58,47,56,0),(36,118,58,47,55,0),(248,117,58,47,54,1),(317,116,58,47,52,0),(222,115,58,47,56,0),(246,120,58,48,56,1),(290,119,58,48,52,0),(392,118,58,48,56,0),(26,117,58,48,56,0),(213,116,58,48,56,1),(56,115,58,48,56,1),(382,120,58,49,57,0),(410,119,58,49,56,1),(259,118,58,49,52,0),(301,117,58,49,56,1),(439,116,58,49,57,0),(165,115,58,49,57,0),(203,120,58,50,58,0),(280,120,58,50,60,0),(216,119,58,50,57,0),(189,119,58,50,58,0),(272,118,58,50,56,1),(15,118,58,50,57,0),(97,117,58,50,57,0),(231,117,58,50,58,0),(457,116,58,50,54,1),(184,116,58,50,58,0),(175,115,58,50,52,0),(431,115,58,50,58,0),(70,120,58,51,54,0),(131,119,58,51,59,0),(128,118,58,51,58,0),(426,117,58,51,59,0),(173,116,58,51,59,0),(404,115,58,51,54,0),(95,120,58,52,59,0),(150,119,58,52,54,0),(212,118,58,52,59,0),(411,117,58,52,54,0),(78,116,58,52,54,0),(7,115,58,52,59,0),(99,120,58,53,54,1),(137,120,58,53,0,0),(0,119,58,53,0,0),(0,119,58,53,0,0),(0,118,58,53,0,0),(0,118,58,53,0,0),(0,117,58,53,0,0),(0,117,58,53,0,0),(0,116,58,53,0,0),(0,116,58,53,0,0),(0,115,58,53,0,0),(0,115,58,53,0,0),(0,120,58,54,0,0),(0,120,58,54,0,0),(0,119,58,54,0,0),(0,119,58,54,0,0),(0,118,58,54,0,0),(0,118,58,54,0,0),(0,117,58,54,0,0),(0,117,58,54,0,0),(0,116,58,54,0,0),(0,116,58,54,0,0),(0,115,58,54,0,0),(0,115,58,54,0,0),(0,120,58,55,0,0),(0,119,58,55,0,0),(0,118,58,55,0,0),(0,117,58,55,0,0),(0,116,58,55,0,0),(0,115,58,55,0,0),(0,120,58,56,0,0),(0,120,58,56,0,0),(0,119,58,56,0,0),(0,119,58,56,0,0),(0,118,58,56,0,0),(0,118,58,56,0,0),(0,117,58,56,0,0),(0,117,58,56,0,0),(0,116,58,56,0,0),(0,116,58,56,0,0),(0,115,58,56,0,0),(0,115,58,56,0,0),(0,120,58,57,0,0),(0,119,58,57,0,0),(0,118,58,57,0,0),(0,117,58,57,0,0),(0,116,58,57,0,0),(0,115,58,57,0,0),(0,120,58,58,0,0),(0,119,58,58,0,0),(0,118,58,58,0,0),(0,117,58,58,0,0),(0,116,58,58,0,0),(0,115,58,58,0,0),(0,120,58,59,0,0),(0,119,58,59,0,0),(0,118,58,59,0,0),(0,117,58,59,0,0),(0,116,58,59,0,0),(0,115,58,59,0,0),(0,120,58,60,0,0),(400,121,59,1,0,0),(407,121,59,1,0,0),(241,121,59,1,0,0),(377,121,59,1,0,0),(217,121,59,1,0,0),(349,121,59,1,0,0),(23,121,59,1,0,0),(61,121,59,1,0,0),(251,121,59,1,0,0),(282,121,59,1,0,0),(1,122,1,1,0,0),(1,122,1,1,0,0),(1,122,1,1,0,0),(1,122,1,1,0,0),(1,122,1,1,0,0),(1,122,1,1,0,0),(1,122,1,1,0,0),(1,122,1,1,0,0),(1,122,1,1,0,0),(1,122,1,1,0,0),(1,123,1,1,0,0),(1,123,1,1,0,0),(1,123,1,1,0,0),(1,123,1,1,0,0),(1,123,1,1,0,0),(1,123,1,1,0,0),(1,123,1,1,0,0),(1,123,1,1,0,0),(1,123,1,1,0,0),(1,123,1,1,0,0),(1,123,2,1,0,0),(2,123,2,1,0,0),(3,123,2,1,0,0),(4,123,2,1,0,0),(5,123,2,1,0,0),(6,123,2,1,0,0),(7,123,2,1,0,0),(8,123,2,1,0,0),(9,123,2,1,0,0),(10,123,2,1,0,0),(11,124,2,1,0,0),(12,124,2,1,0,0),(13,124,2,1,0,0),(14,124,2,1,0,0),(15,124,2,1,0,0),(16,124,2,1,0,0),(17,124,2,1,0,0),(18,124,2,1,0,0),(19,124,2,1,0,0),(20,124,2,1,0,0),(1,124,4,1,0,0),(2,124,4,1,0,0),(3,124,4,1,0,0),(4,124,4,1,0,0),(5,124,4,1,0,0),(6,124,4,1,0,0),(7,124,4,1,0,0),(8,124,4,1,0,0),(9,124,4,1,0,0),(10,124,4,1,0,0),(1,124,6,1,0,0),(2,124,6,1,0,0),(3,124,6,1,0,0),(4,124,6,1,0,0),(5,124,6,1,0,0),(6,124,6,1,0,0),(7,124,6,1,0,0),(8,124,6,1,0,0),(9,124,6,1,0,0),(10,124,6,1,0,0),(1,124,7,1,0,0),(2,124,7,1,0,0),(3,124,7,1,0,0),(4,124,7,1,0,0),(5,124,7,1,0,0),(6,124,7,1,0,0),(7,124,7,1,0,0),(8,124,7,1,0,0),(9,124,7,1,0,0),(10,124,7,1,0,0),(1,120,8,1,1,0),(2,120,8,1,65,0),(3,120,8,1,1,2),(4,120,8,1,3,0),(5,120,8,1,5,0),(6,120,8,1,6,0),(7,120,8,1,7,0),(8,120,8,1,66,0),(9,120,8,1,2,0),(10,120,8,1,8,0),(11,120,8,1,9,0),(12,120,8,1,10,0),(13,120,8,1,11,0),(14,119,8,1,1,0),(15,119,8,1,67,0),(16,119,8,1,1,2),(17,119,8,1,3,0),(18,119,8,1,5,0),(19,119,8,1,2,0),(20,119,8,1,6,0),(21,119,8,1,68,0),(22,119,8,1,8,0),(23,119,8,1,9,0),(24,119,8,1,10,0),(25,119,8,1,11,0),(26,119,8,1,12,0),(27,118,8,1,1,0),(28,118,8,1,69,0),(29,118,8,1,1,2),(30,118,8,1,3,0),(31,118,8,1,5,0),(32,118,8,1,6,0),(33,118,8,1,7,0),(34,118,8,1,70,0),(35,118,8,1,4,0),(36,118,8,1,2,0),(37,118,8,1,9,0),(38,118,8,1,10,0),(39,118,8,1,11,0),(40,117,8,1,1,0),(41,117,8,1,71,0),(42,117,8,1,1,2),(43,117,8,1,3,0),(44,117,8,1,4,0),(45,117,8,1,5,0),(46,117,8,1,6,0),(47,117,8,1,72,0),(48,117,8,1,8,0),(49,117,8,1,9,0),(50,117,8,1,2,0),(51,117,8,1,10,0),(52,117,8,1,11,0),(53,116,8,1,1,0),(54,116,8,1,1,1),(55,116,8,1,1,2),(56,116,8,1,3,0),(57,116,8,1,5,0),(58,116,8,1,73,0),(59,116,8,1,74,0),(60,116,8,1,7,0),(61,116,8,1,8,0),(62,116,8,1,9,0),(63,116,8,1,10,0),(64,116,8,1,11,0),(65,116,8,1,2,0),(66,115,8,1,1,0),(67,115,8,1,74,0),(68,115,8,1,1,2),(69,115,8,1,3,0),(70,115,8,1,5,0),(71,115,8,1,6,0),(72,115,8,1,7,0),(73,115,8,1,75,0),(74,115,8,1,8,0),(75,115,8,1,2,0),(76,115,8,1,9,0),(77,115,8,1,10,0),(78,115,8,1,11,0),(79,124,8,1,0,0),(80,124,8,1,0,0),(81,124,8,1,0,0),(82,124,8,1,0,0),(83,124,8,1,0,0),(84,124,8,1,0,0),(85,124,8,1,0,0),(86,124,8,1,0,0),(87,124,8,1,0,0),(88,124,8,1,0,0),(89,120,8,2,12,0),(90,119,8,2,12,1),(91,118,8,2,12,0),(92,117,8,2,12,0),(93,116,8,2,12,0),(94,115,8,2,12,0),(95,120,8,3,12,1),(96,119,8,3,4,0),(97,118,8,3,12,1),(98,117,8,3,12,1),(99,116,8,3,12,1),(100,115,8,3,12,1),(101,120,8,4,13,0),(102,119,8,4,13,0),(103,118,8,4,13,0),(104,117,8,4,13,0),(105,116,8,4,13,0),(106,115,8,4,13,0),(107,120,8,5,14,0),(108,119,8,5,14,0),(109,118,8,5,14,0),(110,117,8,5,14,0),(111,116,8,5,14,0),(112,115,8,5,14,0),(113,120,8,6,15,0),(114,119,8,6,15,0),(115,118,8,6,15,0),(116,117,8,6,15,0),(117,116,8,6,15,0),(118,115,8,6,15,0),(119,120,8,7,16,0),(120,119,8,7,16,0),(121,118,8,7,16,0),(122,117,8,7,16,0),(123,116,8,7,16,0),(124,115,8,7,16,0),(125,120,8,8,17,0),(126,119,8,8,17,0),(127,118,8,8,17,0),(128,117,8,8,17,0),(129,116,8,8,17,0),(130,115,8,8,17,0),(131,120,8,9,19,0),(132,119,8,9,84,0),(133,118,8,9,19,0),(134,117,8,9,18,0),(135,116,8,9,19,0),(136,115,8,9,19,0),(137,120,8,10,20,0),(138,119,8,10,20,0),(139,118,8,10,20,0),(140,117,8,10,19,0),(141,116,8,10,84,0),(142,115,8,10,20,0),(143,120,8,11,21,0),(144,119,8,11,21,0),(145,118,8,11,21,0),(146,117,8,11,20,0),(147,116,8,11,21,0),(148,115,8,11,21,0),(149,120,8,12,18,0),(150,120,8,12,22,0),(151,119,8,12,22,0),(152,119,8,12,18,0),(153,118,8,12,18,0),(154,118,8,12,87,0),(155,117,8,12,87,0),(156,117,8,12,22,0),(157,116,8,12,22,0),(158,116,8,12,23,0),(159,115,8,12,22,0),(160,115,8,12,23,0),(161,120,8,13,23,0),(162,119,8,13,23,0),(163,118,8,13,23,0),(164,117,8,13,23,0),(165,116,8,13,23,1),(166,115,8,13,23,1),(167,120,8,14,23,1),(168,119,8,14,23,1),(169,118,8,14,23,1),(170,117,8,14,23,1),(171,116,8,14,24,0),(172,115,8,14,25,0),(173,120,8,15,25,0),(174,119,8,15,25,1),(175,118,8,15,27,0),(176,117,8,15,27,0),(177,116,8,15,27,0),(178,115,8,15,25,1),(179,120,8,16,27,0),(180,119,8,16,27,0),(181,118,8,16,29,0),(182,117,8,16,24,0),(183,116,8,16,25,0),(184,115,8,16,27,0),(185,120,8,17,29,0),(186,119,8,17,25,0),(187,118,8,17,91,0),(188,117,8,17,89,0),(189,116,8,17,18,0),(190,115,8,17,18,0),(191,120,8,18,31,0),(192,119,8,18,24,0),(193,118,8,18,26,0),(194,117,8,18,31,0),(195,116,8,18,29,0),(196,115,8,18,28,0),(197,120,8,19,25,1),(198,119,8,19,28,0),(199,118,8,19,31,0),(200,117,8,19,28,0),(201,116,8,19,28,0),(202,115,8,19,29,0),(203,120,8,20,26,0),(204,119,8,20,29,0),(205,118,8,20,94,0),(206,117,8,20,91,0),(207,116,8,20,31,0),(208,115,8,20,31,0),(209,120,8,21,31,1),(210,119,8,21,31,0),(211,118,8,21,32,0),(212,117,8,21,31,1),(213,116,8,21,31,1),(214,115,8,21,24,0),(215,120,8,22,32,0),(216,119,8,22,31,1),(217,118,8,22,96,0),(218,117,8,22,96,0),(219,116,8,22,32,0),(220,115,8,22,31,1),(221,120,8,23,24,0),(222,120,8,23,32,1),(223,119,8,23,32,0),(224,119,8,23,30,0),(225,118,8,23,32,1),(226,118,8,23,97,0),(227,117,8,23,98,0),(228,117,8,23,32,0),(229,116,8,23,32,1),(230,116,8,23,25,1),(231,115,8,23,32,0),(232,115,8,23,26,0),(233,120,8,24,33,0),(234,119,8,24,99,0),(235,118,8,24,25,0),(236,117,8,24,32,1),(237,116,8,24,33,0),(238,115,8,24,32,1),(239,120,8,25,34,0),(240,120,8,25,30,0),(241,119,8,25,33,0),(242,119,8,25,26,0),(243,118,8,25,30,0),(244,118,8,25,34,0),(245,117,8,25,26,0),(246,117,8,25,33,0),(247,116,8,25,34,0),(248,116,8,25,26,0),(249,115,8,25,33,0),(250,115,8,25,34,0),(251,120,8,26,35,0),(252,119,8,26,34,0),(253,118,8,26,35,0),(254,117,8,26,34,0),(255,116,8,26,35,0),(256,115,8,26,35,0),(257,120,8,27,28,0),(258,119,8,27,35,0),(259,118,8,27,28,0),(260,117,8,27,35,0),(261,116,8,27,37,0),(262,115,8,27,37,0),(263,120,8,28,37,0),(264,119,8,28,37,0),(265,118,8,28,36,0),(266,117,8,28,36,0),(267,116,8,28,38,0),(268,115,8,28,36,0),(269,120,8,29,38,0),(270,119,8,29,38,0),(271,118,8,29,37,0),(272,117,8,29,37,0),(273,116,8,29,30,0),(274,115,8,29,30,0),(275,120,8,30,39,0),(276,119,8,30,39,0),(277,118,8,30,38,0),(278,117,8,30,38,0),(279,116,8,30,39,0),(280,115,8,30,38,0),(281,120,8,31,39,1),(282,120,8,31,40,0),(283,119,8,31,39,1),(284,119,8,31,36,0),(285,118,8,31,39,0),(286,118,8,31,39,1),(287,117,8,31,39,0),(288,117,8,31,39,1),(289,116,8,31,39,1),(290,116,8,31,40,0),(291,115,8,31,39,0),(292,115,8,31,103,0),(293,120,8,32,41,0),(294,120,8,32,42,0),(295,119,8,32,40,0),(296,119,8,32,41,0),(297,118,8,32,40,0),(298,118,8,32,104,0),(299,117,8,32,40,0),(300,117,8,32,41,0),(301,116,8,32,36,0),(302,116,8,32,41,0),(303,115,8,32,40,0),(304,115,8,32,41,0),(305,120,8,33,43,0),(306,119,8,33,42,0),(307,118,8,33,42,0),(308,117,8,33,42,0),(309,116,8,33,42,0),(310,115,8,33,42,0),(311,120,8,34,36,0),(312,119,8,34,43,0),(313,118,8,34,43,0),(314,117,8,34,43,0),(315,116,8,34,43,0),(316,115,8,34,43,0),(317,120,8,35,44,0),(318,119,8,35,44,0),(319,118,8,35,44,0),(320,117,8,35,44,0),(321,116,8,35,44,0),(322,115,8,35,44,0),(323,120,8,36,45,0),(324,119,8,36,45,0),(325,118,8,36,45,0),(326,117,8,36,45,0),(327,116,8,36,45,0),(328,115,8,36,45,0),(329,120,8,37,46,0),(330,119,8,37,46,0),(331,118,8,37,46,0),(332,117,8,37,46,0),(333,116,8,37,46,0),(334,115,8,37,46,0),(335,120,8,38,47,0),(336,119,8,38,47,0),(337,118,8,38,47,0),(338,117,8,38,47,0),(339,116,8,38,47,0),(340,115,8,38,47,0),(341,120,8,39,48,0),(342,120,8,39,50,0),(343,119,8,39,48,0),(344,119,8,39,50,0),(345,118,8,39,48,0),(346,118,8,39,50,0),(347,117,8,39,48,0),(348,117,8,39,50,0),(349,116,8,39,48,0),(350,116,8,39,50,0),(351,115,8,39,48,0),(352,115,8,39,49,0),(353,120,8,40,52,0),(354,119,8,40,49,0),(355,118,8,40,52,0),(356,117,8,40,52,0),(357,116,8,40,51,0),(358,115,8,40,50,0),(359,120,8,41,51,0),(360,119,8,41,52,0),(361,118,8,41,54,0),(362,117,8,41,49,0),(363,116,8,41,52,0),(364,115,8,41,52,0),(365,120,8,42,49,0),(366,119,8,42,54,0),(367,118,8,42,53,0),(368,117,8,42,54,0),(369,116,8,42,53,0),(370,115,8,42,54,0),(371,120,8,43,54,0),(372,119,8,43,54,1),(373,118,8,43,54,1),(374,117,8,43,54,1),(375,116,8,43,54,0),(376,115,8,43,54,1),(377,120,8,44,54,1),(378,119,8,44,55,0),(379,118,8,44,55,0),(380,117,8,44,55,0),(381,116,8,44,54,1),(382,115,8,44,55,0),(383,120,8,45,55,0),(384,119,8,45,51,0),(385,118,8,45,55,1),(386,117,8,45,53,0),(387,116,8,45,55,0),(388,115,8,45,55,1),(389,120,8,46,55,1),(390,119,8,46,55,1),(391,118,8,46,49,0),(392,117,8,46,103,0),(393,116,8,46,49,0),(394,115,8,46,56,0),(395,120,8,47,56,0),(396,119,8,47,56,0),(397,118,8,47,56,0),(398,117,8,47,56,0),(399,116,8,47,102,1),(400,115,8,47,57,0),(401,120,8,48,57,0),(402,119,8,48,57,0),(403,118,8,48,51,0),(404,117,8,48,57,0),(405,116,8,48,56,0),(406,115,8,48,58,0),(407,120,8,49,104,0),(408,119,8,49,59,0),(409,118,8,49,57,0),(410,117,8,49,58,0),(411,116,8,49,57,0),(412,115,8,49,59,0),(413,120,8,50,102,1),(414,119,8,50,53,0),(415,118,8,50,58,0),(416,117,8,50,51,0),(417,116,8,50,59,0),(418,115,8,50,51,0),(419,120,8,51,53,0),(420,119,8,51,60,0),(421,118,8,51,59,0),(422,117,8,51,59,0),(423,116,8,51,60,0),(424,115,8,51,60,0),(425,120,8,52,60,0),(426,119,8,52,61,0),(427,118,8,52,60,0),(428,117,8,52,60,0),(429,116,8,52,61,0),(430,115,8,52,53,0),(431,120,8,53,61,0),(432,119,8,53,62,0),(433,118,8,53,61,0),(434,117,8,53,61,0),(435,116,8,53,62,0),(436,115,8,53,61,0),(437,120,8,54,62,0),(438,120,8,54,63,0),(439,119,8,54,63,0),(440,119,8,54,58,0),(441,118,8,54,62,0),(442,118,8,54,95,0),(443,117,8,54,62,0),(444,117,8,54,63,0),(445,116,8,54,63,0),(446,116,8,54,64,0),(447,115,8,54,62,0),(448,115,8,54,63,0),(449,120,8,55,64,0),(450,120,8,55,64,1),(451,119,8,55,105,0),(452,119,8,55,64,1),(453,118,8,55,64,0),(454,118,8,55,64,1),(455,117,8,55,64,0),(456,117,8,55,64,1),(457,116,8,55,64,1),(458,116,8,55,65,0),(0,115,8,55,0,0),(1,115,8,55,64,0),(2,120,8,56,65,0),(3,119,8,56,65,0),(4,118,8,56,65,0),(5,117,8,56,65,0),(6,116,8,56,66,0),(7,115,8,56,64,1),(8,120,8,57,66,0),(9,119,8,57,66,0),(10,118,8,57,66,0),(11,117,8,57,66,0),(12,116,8,57,58,0),(13,115,8,57,65,0),(14,120,8,58,67,0),(15,119,8,58,67,0),(16,118,8,58,67,0),(17,117,8,58,67,0),(18,116,8,58,67,0),(19,115,8,58,66,0),(20,120,8,59,68,0),(21,119,8,59,68,0),(22,118,8,59,68,0),(23,117,8,59,68,0),(24,116,8,59,68,0),(25,115,8,59,67,0),(26,120,8,60,69,0),(27,119,8,60,69,0),(28,118,8,60,69,0),(29,117,8,60,69,0),(30,116,8,60,69,0),(31,115,8,60,68,0),(32,120,8,61,70,0),(33,119,8,61,70,0),(34,118,8,61,70,0),(35,117,8,61,70,0),(36,116,8,61,70,0),(37,115,8,61,69,0),(38,120,8,62,71,0),(39,119,8,62,71,0),(40,118,8,62,71,0),(41,117,8,62,71,0),(42,116,8,62,71,0),(43,115,8,62,70,0),(44,120,8,63,72,0),(45,119,8,63,72,0),(46,118,8,63,72,0),(47,117,8,63,72,0),(48,116,8,63,72,0),(49,115,8,63,71,0),(50,120,8,64,73,0),(51,120,8,64,74,0),(52,119,8,64,73,0),(53,119,8,64,74,0),(54,118,8,64,73,0),(55,118,8,64,74,0),(56,117,8,64,73,0),(57,117,8,64,74,0),(58,116,8,64,73,0),(59,116,8,64,74,0),(60,115,8,64,72,0),(61,115,8,64,73,0),(62,120,8,65,75,0),(63,119,8,65,75,0),(64,118,8,65,75,0),(65,117,8,65,75,0),(66,116,8,65,75,0),(67,115,8,65,74,0),(68,120,8,66,76,0),(69,119,8,66,76,0),(70,118,8,66,76,0),(71,117,8,66,76,0),(72,116,8,66,76,0),(73,115,8,66,75,0),(74,120,8,67,76,1),(75,119,8,67,76,1),(76,118,8,67,76,1),(77,117,8,67,76,1),(78,116,8,67,76,1),(79,115,8,67,76,0),(80,120,8,68,76,2),(81,119,8,68,76,2),(82,118,8,68,76,2),(83,117,8,68,76,2),(84,116,8,68,76,2),(85,115,8,68,76,1),(86,120,8,69,77,0),(87,119,8,69,77,0),(88,118,8,69,77,0),(89,117,8,69,77,0),(90,116,8,69,77,0),(91,115,8,69,76,2),(92,120,8,70,78,0),(93,119,8,70,78,0),(94,118,8,70,78,0),(95,117,8,70,78,0),(96,116,8,70,78,0),(97,115,8,70,77,0),(98,120,8,71,79,0),(99,119,8,71,79,0),(100,118,8,71,79,0),(101,117,8,71,79,0),(102,116,8,71,79,0),(103,115,8,71,78,0),(104,120,8,72,80,0),(105,119,8,72,80,0),(106,118,8,72,80,0),(107,117,8,72,80,0),(108,116,8,72,80,0),(109,115,8,72,79,0),(110,120,8,73,81,0),(111,119,8,73,81,0),(112,118,8,73,81,0),(113,117,8,73,81,0),(114,116,8,73,81,0),(115,115,8,73,80,0),(116,120,8,74,82,0),(117,119,8,74,82,0),(118,118,8,74,82,0),(119,117,8,74,82,0),(120,116,8,74,82,0),(121,115,8,74,81,0),(122,120,8,75,83,0),(123,119,8,75,83,0),(124,118,8,75,83,0),(125,117,8,75,83,0),(126,116,8,75,83,0),(127,115,8,75,82,0),(128,120,8,76,83,1),(129,120,8,76,84,0),(130,120,8,76,85,0),(131,119,8,76,83,1),(132,119,8,76,84,0),(133,119,8,76,85,0),(134,118,8,76,83,1),(135,118,8,76,84,0),(136,118,8,76,85,0),(137,117,8,76,83,1),(138,117,8,76,84,0),(139,117,8,76,85,0),(140,116,8,76,83,1),(141,116,8,76,84,0),(142,116,8,76,85,0),(143,115,8,76,83,0),(144,115,8,76,83,1),(145,115,8,76,84,0),(146,120,8,77,85,1),(147,119,8,77,85,1),(148,118,8,77,85,1),(149,117,8,77,85,1),(150,116,8,77,85,1),(151,115,8,77,85,0),(152,120,8,78,87,0),(153,119,8,78,86,1),(154,118,8,78,87,0),(155,117,8,78,87,0),(156,116,8,78,87,0),(157,115,8,78,85,1),(158,120,8,79,88,0),(159,119,8,79,87,0),(160,118,8,79,88,0),(161,117,8,79,88,0),(162,116,8,79,88,0),(163,115,8,79,87,0),(164,120,8,80,88,1),(165,119,8,80,88,0),(166,118,8,80,88,1),(167,117,8,80,88,1),(168,116,8,80,86,1),(169,115,8,80,86,1),(170,120,8,81,88,2),(171,119,8,81,88,1),(172,118,8,81,88,2),(173,117,8,81,86,0),(174,116,8,81,88,1),(175,115,8,81,88,0),(176,120,8,82,86,1),(177,119,8,82,86,0),(178,118,8,82,89,0),(179,117,8,82,88,2),(180,116,8,82,88,2),(181,115,8,82,88,1),(182,120,8,83,89,0),(183,120,8,83,90,0),(184,119,8,83,88,2),(185,119,8,83,89,0),(186,118,8,83,90,0),(187,118,8,83,91,0),(188,117,8,83,89,0),(189,117,8,83,86,1),(190,116,8,83,86,0),(191,116,8,83,89,0),(192,115,8,83,88,2),(193,115,8,83,86,0),(194,120,8,84,91,0),(195,119,8,84,90,0),(196,118,8,84,86,0),(197,117,8,84,90,0),(198,116,8,84,90,0),(199,115,8,84,89,0),(200,120,8,85,94,0),(201,120,8,85,86,0),(202,119,8,85,91,0),(203,119,8,85,94,0),(204,118,8,85,86,1),(205,118,8,85,94,0),(206,117,8,85,91,0),(207,117,8,85,94,0),(208,116,8,85,91,0),(209,116,8,85,93,0),(210,115,8,85,90,0),(211,115,8,85,91,0),(212,120,8,86,96,0),(213,120,8,86,97,0),(214,119,8,86,96,0),(215,119,8,86,97,0),(216,118,8,86,93,0),(217,118,8,86,96,0),(218,117,8,86,96,0),(219,117,8,86,97,0),(220,116,8,86,94,0),(221,116,8,86,96,0),(222,115,8,86,94,0),(223,115,8,86,96,0),(224,120,8,87,98,0),(225,119,8,87,93,0),(226,118,8,87,97,0),(227,117,8,87,98,0),(228,116,8,87,97,0),(229,115,8,87,97,0),(230,120,8,88,99,0),(231,120,8,88,100,0),(232,120,8,88,101,0),(233,119,8,88,98,0),(234,119,8,88,99,0),(235,119,8,88,100,0),(236,118,8,88,98,0),(237,118,8,88,99,0),(238,118,8,88,100,0),(239,117,8,88,95,0),(240,117,8,88,99,0),(241,117,8,88,100,0),(242,116,8,88,98,0),(243,116,8,88,95,0),(244,116,8,88,99,0),(245,115,8,88,95,0),(246,115,8,88,98,0),(247,115,8,88,99,0),(248,120,8,89,95,0),(249,119,8,89,101,0),(250,118,8,89,101,0),(251,117,8,89,101,0),(252,116,8,89,100,0),(253,115,8,89,100,0),(254,120,8,90,101,1),(255,119,8,90,95,0),(256,118,8,90,101,1),(257,117,8,90,101,1),(258,116,8,90,101,0),(259,115,8,90,93,0),(260,120,8,91,93,0),(261,119,8,91,101,1),(262,118,8,91,102,0),(263,117,8,91,93,0),(264,116,8,91,101,1),(265,115,8,91,101,0),(266,120,8,93,102,0),(267,119,8,93,102,0),(268,118,8,93,102,1),(269,117,8,93,102,0),(270,116,8,93,102,0),(271,115,8,93,101,1),(413,120,8,94,102,1),(421,119,8,94,102,1),(442,118,8,94,95,0),(344,117,8,94,102,1),(399,116,8,94,102,1),(309,115,8,94,102,0),(295,120,8,95,103,0),(358,119,8,95,103,0),(343,118,8,95,103,0),(392,117,8,95,103,0),(380,116,8,95,103,0),(294,115,8,95,102,1),(299,120,8,96,105,0),(451,119,8,96,105,0),(290,118,8,96,105,0),(414,117,8,96,105,0),(355,116,8,96,105,0),(292,115,8,96,103,0),(410,120,8,97,106,0),(349,119,8,97,106,0),(370,118,8,97,106,0),(345,117,8,97,106,0),(293,116,8,97,106,0),(395,115,8,97,105,0),(398,120,8,98,107,0),(335,119,8,98,107,0),(388,118,8,98,107,0),(448,117,8,98,107,0),(331,116,8,98,107,0),(393,115,8,98,106,0),(350,120,8,99,0,0),(333,119,8,99,0,0),(426,118,8,99,0,0),(286,117,8,99,0,0),(311,116,8,99,0,0),(404,115,8,99,107,0),(364,120,8,100,0,0),(361,119,8,100,0,0),(443,118,8,100,0,0),(455,117,8,100,0,0),(301,116,8,100,0,0),(352,115,8,100,0,0),(407,120,8,101,104,0),(385,120,8,101,0,0),(445,119,8,101,0,0),(446,119,8,101,0,0),(287,118,8,101,0,0),(291,118,8,101,0,0),(390,117,8,101,0,0),(366,117,8,101,0,0),(397,116,8,101,0,0),(452,116,8,101,0,0),(416,115,8,101,104,0),(365,115,8,101,0,0),(424,120,8,102,0,0),(321,120,8,102,0,0),(326,119,8,102,0,0),(353,119,8,102,0,0),(274,118,8,102,0,0),(298,118,8,102,104,0),(439,117,8,102,0,0),(438,117,8,102,0,0),(387,116,8,102,0,0),(456,116,8,102,0,0),(447,115,8,102,0,0),(296,115,8,102,0,0),(435,120,8,103,0,0),(359,119,8,103,104,0),(431,118,8,103,0,0),(372,117,8,103,104,0),(310,116,8,103,104,0),(383,115,8,103,0,0),(278,120,8,104,0,0),(300,119,8,104,0,0),(441,118,8,104,0,0),(329,117,8,104,0,0),(412,116,8,104,0,0),(391,115,8,104,0,0),(304,120,8,105,0,0),(275,119,8,105,0,0),(288,118,8,105,0,0),(428,117,8,105,0,0),(356,116,8,105,0,0),(323,115,8,105,0,0),(317,120,8,106,0,0),(437,119,8,106,0,0),(405,118,8,106,0,0),(376,117,8,106,0,0),(425,116,8,106,0,0),(419,115,8,106,0,0),(450,120,8,107,0,0),(454,119,8,107,0,0),(332,118,8,107,0,0),(307,117,8,107,0,0),(423,116,8,107,0,0),(313,115,8,107,0,0),(200,124,9,1,0,0),(437,124,9,1,0,0),(253,124,9,1,0,0),(447,124,9,1,0,0),(64,124,9,1,0,0),(271,124,9,1,0,0),(297,124,9,1,0,0),(97,124,9,1,0,0),(302,124,9,1,0,0),(204,124,9,1,0,0),(452,120,12,1,2,0),(120,120,12,1,3,0),(406,120,12,1,3,1),(227,120,12,1,4,0),(85,120,12,1,5,0),(44,120,12,1,0,0),(434,120,12,1,0,0),(426,120,12,1,1,0),(282,120,12,1,6,0),(17,120,12,1,0,0),(175,120,12,1,0,0),(112,119,12,1,2,0),(168,119,12,1,3,0),(3,119,12,1,3,1),(180,119,12,1,4,0),(283,119,12,1,5,0),(122,119,12,1,0,0),(222,119,12,1,1,0),(447,119,12,1,6,0),(153,119,12,1,0,0),(156,119,12,1,0,0),(448,119,12,1,0,0),(161,118,12,1,2,0),(45,118,12,1,3,0),(274,118,12,1,3,1),(28,118,12,1,4,0),(56,118,12,1,5,0),(312,118,12,1,1,0),(22,118,12,1,0,0),(250,118,12,1,0,0),(165,118,12,1,0,0),(125,118,12,1,6,0),(377,118,12,1,0,0),(79,124,12,1,0,0),(10,124,12,1,0,0),(96,124,12,1,0,0),(16,124,12,1,0,0),(176,124,12,1,0,0),(108,124,12,1,0,0),(371,124,12,1,0,0),(325,124,12,1,0,0),(397,124,12,1,0,0),(57,124,12,1,0,0),(94,120,12,2,0,0),(445,119,12,2,0,0),(208,118,12,2,0,0),(453,120,12,3,0,0),(335,120,12,3,0,0),(132,119,12,3,0,0),(389,119,12,3,0,0),(21,118,12,3,0,0),(117,118,12,3,0,0),(291,120,12,4,0,0),(388,119,12,4,0,0),(394,118,12,4,0,0),(458,120,12,5,0,0),(137,119,12,5,0,0),(64,118,12,5,0,0),(345,120,12,6,0,0),(147,119,12,6,0,0),(331,118,12,6,0,0),(43,120,13,1,1,0),(181,120,13,1,0,0),(328,120,13,1,0,0),(29,120,13,1,0,0),(175,120,13,1,0,0),(301,120,13,1,0,0),(93,120,13,1,0,0),(291,120,13,1,0,0),(254,120,13,1,0,0),(239,120,13,1,0,0),(172,120,13,1,0,0),(339,119,13,1,1,0),(271,119,13,1,0,0),(422,119,13,1,0,0),(273,119,13,1,0,0),(312,119,13,1,0,0),(37,119,13,1,0,0),(13,119,13,1,0,0),(414,119,13,1,0,0),(154,119,13,1,0,0),(207,119,13,1,0,0),(447,119,13,1,0,0),(401,118,13,1,1,0),(437,118,13,1,0,0),(403,118,13,1,0,0),(309,118,13,1,0,0),(404,118,13,1,0,0),(435,118,13,1,0,0),(284,118,13,1,0,0),(295,118,13,1,0,0),(3,118,13,1,0,0),(278,118,13,1,0,0),(311,118,13,1,0,0),(51,117,13,1,1,0),(126,117,13,1,0,0),(234,117,13,1,0,0),(314,117,13,1,0,0),(72,117,13,1,0,0),(264,117,13,1,0,0),(260,117,13,1,0,0),(245,117,13,1,0,0),(356,117,13,1,0,0),(177,117,13,1,0,0),(333,117,13,1,0,0),(374,120,16,1,1,0),(69,120,16,1,0,0),(231,120,16,1,0,0),(367,120,16,1,0,0),(158,120,16,1,0,0),(200,120,16,1,0,0),(121,120,16,1,0,0),(146,120,16,1,0,0),(104,120,16,1,0,0),(154,120,16,1,0,0),(429,120,16,1,0,0),(216,115,16,1,1,0),(366,115,16,1,0,0),(81,115,16,1,0,0),(371,115,16,1,0,0),(73,115,16,1,0,0),(225,115,16,1,0,0),(151,115,16,1,0,0),(242,115,16,1,0,0),(25,115,16,1,0,0),(221,115,16,1,0,0),(353,115,16,1,0,0),(19,116,16,1,1,0),(106,116,16,1,0,0),(299,116,16,1,0,0),(264,116,16,1,0,0),(187,116,16,1,0,0),(350,116,16,1,0,0),(96,116,16,1,0,0),(204,116,16,1,0,0),(84,116,16,1,0,0),(45,116,16,1,0,0),(369,116,16,1,0,0),(438,117,16,1,1,0),(385,117,16,1,0,0),(257,117,16,1,0,0),(410,117,16,1,0,0),(405,117,16,1,0,0),(347,117,16,1,0,0),(118,117,16,1,0,0),(314,117,16,1,0,0),(444,117,16,1,0,0),(63,117,16,1,0,0),(248,117,16,1,0,0);
/*!40000 ALTER TABLE `CardInHand` ENABLE KEYS */;
UNLOCK TABLES;

--
-- Temporary table structure for view `CurrentJudge`
--

DROP TABLE IF EXISTS `CurrentJudge`;
/*!50001 DROP VIEW IF EXISTS `CurrentJudge`*/;
SET @saved_cs_client     = @@character_set_client;
SET character_set_client = utf8;
/*!50001 CREATE TABLE `CurrentJudge` (
  `PlayerId` tinyint NOT NULL,
  `GameID` tinyint NOT NULL
) ENGINE=MyISAM */;
SET character_set_client = @saved_cs_client;

--
-- Temporary table structure for view `FullBlackDeck`
--

DROP TABLE IF EXISTS `FullBlackDeck`;
/*!50001 DROP VIEW IF EXISTS `FullBlackDeck`*/;
SET @saved_cs_client     = @@character_set_client;
SET character_set_client = utf8;
/*!50001 CREATE TABLE `FullBlackDeck` (
  `CardID` tinyint NOT NULL,
  `GameID` tinyint NOT NULL
) ENGINE=MyISAM */;
SET character_set_client = @saved_cs_client;

--
-- Temporary table structure for view `FullWhiteDeck`
--

DROP TABLE IF EXISTS `FullWhiteDeck`;
/*!50001 DROP VIEW IF EXISTS `FullWhiteDeck`*/;
SET @saved_cs_client     = @@character_set_client;
SET character_set_client = utf8;
/*!50001 CREATE TABLE `FullWhiteDeck` (
  `CardID` tinyint NOT NULL,
  `GameID` tinyint NOT NULL
) ENGINE=MyISAM */;
SET character_set_client = @saved_cs_client;

--
-- Table structure for table `Game`
--

DROP TABLE IF EXISTS `Game`;
/*!40101 SET @saved_cs_client     = @@character_set_client */;
/*!40101 SET character_set_client = utf8 */;
CREATE TABLE `Game` (
  `ID` int(11) NOT NULL AUTO_INCREMENT,
  `Name` char(64) DEFAULT NULL,
  `CurrentRoundNumber` int(11) DEFAULT NULL,
  `CurrentBlackCard` varchar(45) DEFAULT NULL,
  PRIMARY KEY (`ID`),
  UNIQUE KEY `ID_UNIQUE` (`ID`)
) ENGINE=InnoDB AUTO_INCREMENT=17 DEFAULT CHARSET=utf8;
/*!40101 SET character_set_client = @saved_cs_client */;

--
-- Dumping data for table `Game`
--

LOCK TABLES `Game` WRITE;
/*!40000 ALTER TABLE `Game` DISABLE KEYS */;
INSERT INTO `Game` VALUES (9,'The Natha Colony',1,'496'),(10,'The Radioactive Moon of 5583 Mensae IV',1,'474'),(11,'The ruins of the Chicago Arcology',1,'533'),(12,'AI Game',6,'487'),(13,'The Tucker Homestead on Three Hills',1,'497'),(14,'The Tucker Homestead on Three Hills',1,'517'),(15,'The Dane Colony',1,'485'),(16,'The City of Jiangyi on Bernadette',1,'467');
/*!40000 ALTER TABLE `Game` ENABLE KEYS */;
UNLOCK TABLES;

--
-- Temporary table structure for view `InTurn`
--

DROP TABLE IF EXISTS `InTurn`;
/*!50001 DROP VIEW IF EXISTS `InTurn`*/;
SET @saved_cs_client     = @@character_set_client;
SET character_set_client = utf8;
/*!50001 CREATE TABLE `InTurn` (
  `PlayerID` tinyint NOT NULL,
  `GameID` tinyint NOT NULL,
  `TurnOrder` tinyint NOT NULL
) ENGINE=MyISAM */;
SET character_set_client = @saved_cs_client;

--
-- Temporary table structure for view `LabelList`
--

DROP TABLE IF EXISTS `LabelList`;
/*!50001 DROP VIEW IF EXISTS `LabelList`*/;
SET @saved_cs_client     = @@character_set_client;
SET character_set_client = utf8;
/*!50001 CREATE TABLE `LabelList` (
  `label` tinyint NOT NULL
) ENGINE=MyISAM */;
SET character_set_client = @saved_cs_client;

--
-- Temporary table structure for view `LabelWeights`
--

DROP TABLE IF EXISTS `LabelWeights`;
/*!50001 DROP VIEW IF EXISTS `LabelWeights`*/;
SET @saved_cs_client     = @@character_set_client;
SET character_set_client = utf8;
/*!50001 CREATE TABLE `LabelWeights` (
  `BlackCardID` tinyint NOT NULL,
  `label` tinyint NOT NULL,
  `weight` tinyint NOT NULL
) ENGINE=MyISAM */;
SET character_set_client = @saved_cs_client;

--
-- Table structure for table `Labels`
--

DROP TABLE IF EXISTS `Labels`;
/*!40101 SET @saved_cs_client     = @@character_set_client */;
/*!40101 SET character_set_client = utf8 */;
CREATE TABLE `Labels` (
  `ID` int(11) NOT NULL,
  `label` char(15) NOT NULL
) ENGINE=InnoDB DEFAULT CHARSET=utf8;
/*!40101 SET character_set_client = @saved_cs_client */;

--
-- Dumping data for table `Labels`
--

LOCK TABLES `Labels` WRITE;
/*!40000 ALTER TABLE `Labels` DISABLE KEYS */;
INSERT INTO `Labels` VALUES (1,'sexual'),(1,'gross'),(1,'absurd'),(2,'sexual'),(2,'absurd'),(2,'racist'),(2,'politics'),(3,'sexual'),(3,'gross'),(3,'absurd'),(4,'racist'),(4,'mundane'),(5,'sexual'),(5,'gross'),(5,'absurd'),(6,'sexual'),(6,'absurd'),(7,'sexual'),(7,'racist'),(7,'religion'),(7,'politics'),(8,'sexual'),(8,'gross'),(8,'absurd'),(9,'absurd'),(9,'racist'),(9,'politics'),(9,'seroius'),(10,'absurd'),(11,'nostalgia'),(11,'mundane'),(12,'nostalgia'),(12,'mundane'),(13,'gross'),(13,'absurd'),(13,'seroius'),(14,'sexual'),(14,'mundane'),(15,'racist'),(15,'politics'),(15,'seroius'),(16,'seroius'),(17,'sexual'),(17,'gross'),(17,'absurd'),(18,'seroius'),(19,'seroius'),(20,'sexual'),(20,'absurd'),(21,'sexual'),(21,'gross'),(21,'politics'),(21,'seroius'),(22,'sexual'),(22,'absurd'),(23,'sexual'),(23,'gross'),(23,'absurd'),(23,'politics'),(24,'absurd'),(24,'religion'),(24,'politics'),(24,'seroius'),(25,'nostalgia'),(25,'absurd'),(26,'seroius'),(27,'racist'),(27,'politics'),(27,'seroius'),(28,'nostalgia'),(28,'mundane'),(29,'gross'),(29,'absurd'),(29,'seroius'),(30,'sexual'),(30,'gross'),(30,'drugs'),(30,'seroius'),(31,'sexual'),(31,'nostalgia'),(31,'gross'),(31,'absurd'),(31,'mundane'),(32,'sexual'),(32,'nostalgia'),(32,'religion'),(33,'racist'),(33,'religion'),(33,'politics'),(34,'absurd'),(34,'religion'),(35,'sexual'),(36,'seroius'),(37,'sexual'),(37,'nostalgia'),(37,'mundane'),(38,'sexual'),(38,'absurd'),(38,'drugs'),(39,'absurd'),(39,'racist'),(39,'politics'),(40,'sexual'),(40,'gross'),(40,'absurd'),(40,'mundane'),(41,'mundane'),(42,'absurd'),(42,'racist'),(42,'politics'),(42,'seroius'),(43,'sexual'),(43,'nostalgia'),(43,'mundane'),(44,'sexual'),(44,'gross'),(45,'racist'),(45,'religion'),(45,'politics'),(45,'seroius'),(45,'mundane'),(46,'mundane'),(47,'nostalgia'),(47,'absurd'),(48,'sexual'),(48,'gross'),(48,'absurd'),(49,'sexual'),(49,'nostalgia'),(49,'mundane'),(50,'racist'),(50,'drugs'),(50,'politics'),(50,'seroius'),(51,'nostalgia'),(51,'religion'),(51,'politics'),(52,'sexual'),(52,'nostalgia'),(52,'religion'),(53,'nostalgia'),(53,'absurd'),(53,'mundane'),(54,'racist'),(54,'religion'),(54,'politics'),(54,'mundane'),(55,'gross'),(55,'absurd'),(55,'drugs'),(55,'seroius'),(56,'sexual'),(56,'gross'),(56,'mundane'),(57,'gross'),(57,'drugs'),(57,'seroius'),(58,'nostalgia'),(58,'mundane'),(59,'sexual'),(59,'gross'),(59,'seroius'),(60,'gross'),(60,'absurd'),(60,'seroius'),(61,'mundane'),(62,'absurd'),(62,'racist'),(62,'politics'),(63,'absurd'),(63,'racist'),(63,'religion'),(63,'politics'),(63,'seroius'),(64,'sexual'),(64,'nostalgia'),(64,'absurd'),(65,'absurd'),(65,'politics'),(65,'seroius'),(66,'sexual'),(66,'gross'),(66,'absurd'),(67,'nostalgia'),(67,'mundane'),(68,'nostalgia'),(68,'gross'),(68,'absurd'),(69,'nostalgia'),(69,'mundane'),(70,'mundane'),(71,'politics'),(71,'mundane'),(72,'absurd'),(72,'religion'),(72,'politics'),(73,'sexual'),(73,'gross'),(74,'absurd'),(74,'seroius'),(75,'racist'),(75,'politics'),(75,'seroius'),(76,'racist'),(76,'seroius'),(77,'gross'),(77,'mundane'),(78,'mundane'),(80,'absurd'),(80,'seroius'),(81,'sexual'),(81,'mundane'),(82,'sexual'),(82,'gross'),(82,'absurd'),(83,'mundane'),(84,'nostalgia'),(84,'politics'),(85,'gross'),(85,'absurd'),(85,'politics'),(86,'sexual'),(86,'nostalgia'),(86,'gross'),(86,'mundane'),(87,'sexual'),(87,'gross'),(87,'absurd'),(88,'absurd'),(88,'religion'),(88,'seroius'),(89,'mundane'),(90,'absurd'),(91,'absurd'),(91,'mundane'),(92,'racist'),(92,'religion'),(92,'politics'),(92,'seroius'),(93,'seroius'),(94,'gross'),(94,'absurd'),(95,'drugs'),(95,'seroius'),(96,'sexual'),(96,'mundane'),(97,'nostalgia'),(98,'sexual'),(98,'gross'),(98,'absurd'),(99,'sexual'),(99,'gross'),(99,'mundane'),(100,'drugs'),(100,'mundane'),(101,'sexual'),(101,'gross'),(101,'absurd'),(102,'absurd'),(102,'mundane'),(103,'sexual'),(103,'absurd'),(103,'politics'),(104,'gross'),(104,'absurd'),(104,'mundane'),(105,'mundane'),(106,'absurd'),(106,'mundane'),(107,'sexual'),(107,'politics'),(108,'sexual'),(108,'nostalgia'),(109,'sexual'),(109,'gross'),(109,'absurd'),(109,'seroius'),(110,'nostalgia'),(110,'absurd'),(110,'seroius'),(110,'mundane'),(111,'nostalgia'),(111,'gross'),(111,'mundane'),(112,'sexual'),(113,'absurd'),(113,'seroius'),(114,'sexual'),(114,'absurd'),(115,'seroius'),(116,'absurd'),(117,'absurd'),(117,'drugs'),(118,'absurd'),(118,'drugs'),(119,'nostalgia'),(119,'mundane'),(120,'gross'),(120,'absurd'),(120,'seroius'),(122,'sexual'),(123,'sexual'),(123,'absurd'),(124,'politics'),(125,'nostalgia'),(125,'mundane'),(126,'gross'),(126,'absurd'),(127,'gross'),(127,'racist'),(127,'politics'),(128,'sexual'),(128,'gross'),(128,'absurd'),(129,'politics'),(129,'seroius'),(130,'racist'),(130,'politics'),(130,'seroius'),(131,'absurd'),(131,'politics'),(132,'sexual'),(132,'absurd'),(133,'sexual'),(133,'gross'),(133,'mundane'),(134,'sexual'),(135,'religion'),(135,'politics'),(136,'nostalgia'),(136,'mundane'),(137,'sexual'),(137,'nostalgia'),(137,'gross'),(137,'absurd'),(137,'drugs'),(137,'seroius'),(138,'nostalgia'),(138,'mundane'),(139,'sexual'),(139,'nostalgia'),(139,'gross'),(139,'absurd'),(139,'mundane'),(140,'racist'),(140,'mundane'),(141,'nostalgia'),(141,'absurd'),(141,'mundane'),(142,'sexual'),(143,'nostalgia'),(143,'mundane'),(144,'absurd'),(144,'racist'),(144,'politics'),(144,'seroius'),(145,'gross'),(145,'absurd'),(146,'politics'),(146,'seroius'),(147,'racist'),(148,'nostalgia'),(149,'sexual'),(150,'gross'),(150,'absurd'),(151,'sexual'),(151,'gross'),(152,'gross'),(153,'nostalgia'),(154,'gross'),(154,'absurd'),(154,'mundane'),(155,'racist'),(155,'politics'),(156,'absurd'),(156,'seroius'),(156,'mundane'),(157,'politics'),(157,'mundane'),(158,'sexual'),(158,'gross'),(158,'seroius'),(159,'seroius'),(160,'nostalgia'),(160,'gross'),(161,'gross'),(161,'absurd'),(161,'drugs'),(162,'sexual'),(163,'gross'),(163,'absurd'),(163,'mundane'),(164,'gross'),(164,'absurd'),(164,'mundane'),(165,'racist'),(165,'politics'),(165,'seroius'),(166,'sexual'),(166,'gross'),(166,'politics'),(166,'seroius'),(167,'sexual'),(167,'absurd'),(168,'sexual'),(169,'nostalgia'),(169,'mundane'),(170,'gross'),(170,'absurd'),(171,'sexual'),(171,'absurd'),(172,'absurd'),(172,'mundane'),(173,'nostalgia'),(173,'absurd'),(174,'nostalgia'),(174,'absurd'),(175,'sexual'),(175,'gross'),(175,'seroius'),(176,'nostalgia'),(176,'absurd'),(177,'religion'),(178,'mundane'),(179,'sexual'),(179,'seroius'),(180,'seroius'),(181,'nostalgia'),(181,'mundane'),(182,'sexual'),(182,'absurd'),(183,'nostalgia'),(183,'absurd'),(183,'mundane'),(184,'sexual'),(184,'gross'),(184,'absurd'),(185,'sexual'),(185,'nostalgia'),(186,'sexual'),(186,'gross'),(186,'absurd'),(187,'absurd'),(187,'seroius'),(188,'sexual'),(188,'gross'),(190,'nostalgia'),(191,'sexual'),(191,'drugs'),(192,'sexual'),(192,'gross'),(192,'absurd'),(192,'seroius'),(193,'absurd'),(194,'sexual'),(194,'gross'),(194,'absurd'),(195,'sexual'),(195,'gross'),(195,'absurd'),(196,'mundane'),(197,'gross'),(198,'gross'),(198,'absurd'),(199,'gross'),(199,'absurd'),(199,'seroius'),(200,'absurd'),(201,'nostalgia'),(202,'sexual'),(202,'gross'),(202,'drugs'),(202,'seroius'),(203,'absurd'),(203,'mundane'),(204,'seroius'),(205,'racist'),(205,'politics'),(205,'seroius'),(206,'racist'),(207,'sexual'),(207,'gross'),(208,'nostalgia'),(209,'politics'),(209,'seroius'),(210,'absurd'),(210,'seroius'),(211,'nostalgia'),(211,'seroius'),(212,'seroius'),(213,'seroius'),(214,'absurd'),(215,'gross'),(215,'seroius'),(216,'racist'),(216,'politics'),(216,'seroius'),(217,'nostalgia'),(218,'absurd'),(219,'sexual'),(219,'gross'),(220,'seroius'),(221,'sexual'),(221,'absurd'),(221,'seroius'),(222,'gross'),(222,'absurd'),(222,'mundane'),(223,'gross'),(223,'absurd'),(223,'mundane'),(224,'seroius'),(225,'racist'),(225,'politics'),(225,'seroius'),(226,'sexual'),(227,'sexual'),(227,'gross'),(228,'nostalgia'),(228,'absurd'),(228,'racist'),(228,'politics'),(228,'seroius'),(229,'gross'),(229,'seroius'),(230,'absurd'),(231,'seroius'),(232,'absurd'),(233,'gross'),(234,'nostalgia'),(234,'gross'),(234,'absurd'),(234,'racist'),(235,'nostalgia'),(235,'absurd'),(236,'absurd'),(236,'seroius'),(237,'sexual'),(237,'gross'),(237,'absurd'),(238,'sexual'),(239,'nostalgia'),(239,'mundane'),(240,'gross'),(240,'mundane'),(241,'sexual'),(241,'gross'),(242,'absurd'),(242,'mundane'),(243,'mundane'),(244,'sexual'),(244,'nostalgia'),(244,'gross'),(244,'absurd'),(244,'seroius'),(244,'mundane'),(245,'absurd'),(245,'mundane'),(246,'nostalgia'),(246,'seroius'),(247,'sexual'),(247,'gross'),(247,'absurd'),(247,'racist'),(247,'drugs'),(248,'mundane'),(249,'sexual'),(249,'nostalgia'),(249,'absurd'),(250,'sexual'),(250,'absurd'),(250,'racist'),(250,'politics'),(250,'seroius'),(251,'nostalgia'),(251,'gross'),(251,'seroius'),(252,'nostalgia'),(253,'gross'),(253,'absurd'),(254,'nostalgia'),(255,'politics'),(255,'mundane'),(256,'sexual'),(256,'gross'),(256,'seroius'),(257,'absurd'),(257,'racist'),(258,'sexual'),(258,'nostalgia'),(259,'absurd'),(259,'seroius'),(260,'racist'),(260,'politics'),(260,'seroius'),(261,'nostalgia'),(262,'sexual'),(262,'absurd'),(263,'nostalgia'),(263,'religion'),(263,'politics'),(263,'seroius'),(264,'nostalgia'),(264,'gross'),(265,'sexual'),(265,'gross'),(265,'mundane'),(266,'sexual'),(266,'gross'),(267,'racist'),(267,'politics'),(268,'sexual'),(268,'gross'),(268,'absurd'),(269,'absurd'),(270,'absurd'),(270,'racist'),(271,'sexual'),(271,'nostalgia'),(271,'religion'),(272,'sexual'),(273,'mundane'),(274,'nostalgia'),(274,'mundane'),(275,'nostalgia'),(275,'absurd'),(275,'mundane'),(276,'racist'),(276,'religion'),(276,'politics'),(276,'seroius'),(277,'seroius'),(278,'absurd'),(279,'racist'),(279,'politics'),(280,'sexual'),(280,'mundane'),(281,'politics'),(281,'seroius'),(283,'nostalgia'),(283,'politics'),(284,'absurd'),(285,'nostalgia'),(285,'absurd'),(286,'mundane'),(287,'nostalgia'),(287,'mundane'),(288,'politics'),(288,'seroius'),(289,'sexual'),(289,'gross'),(289,'absurd'),(289,'politics'),(289,'seroius'),(290,'politics'),(290,'seroius'),(291,'religion'),(291,'politics'),(292,'mundane'),(293,'politics'),(293,'seroius'),(294,'sexual'),(294,'nostalgia'),(294,'drugs'),(295,'sexual'),(295,'gross'),(295,'drugs'),(295,'seroius'),(296,'nostalgia'),(297,'sexual'),(298,'absurd'),(299,'absurd'),(299,'politics'),(299,'seroius'),(300,'seroius'),(301,'sexual'),(301,'gross'),(301,'absurd'),(301,'drugs'),(302,'racist'),(302,'mundane'),(303,'nostalgia'),(303,'mundane'),(304,'nostalgia'),(304,'mundane'),(305,'nostalgia'),(306,'nostalgia'),(306,'religion'),(307,'sexual'),(307,'gross'),(307,'seroius'),(308,'religion'),(308,'politics'),(308,'seroius'),(309,'racist'),(309,'drugs'),(309,'religion'),(309,'politics'),(310,'nostalgia'),(310,'absurd'),(311,'sexual'),(311,'gross'),(311,'absurd'),(312,'mundane'),(313,'seroius'),(313,'mundane'),(314,'nostalgia'),(314,'absurd'),(315,'nostalgia'),(315,'politics'),(316,'sexual'),(316,'gross'),(316,'mundane'),(317,'sexual'),(317,'gross'),(317,'absurd'),(317,'seroius'),(318,'seroius'),(319,'gross'),(319,'absurd'),(319,'racist'),(319,'religion'),(319,'politics'),(319,'seroius'),(320,'sexual'),(320,'gross'),(320,'mundane'),(321,'nostalgia'),(321,'racist'),(322,'mundane'),(323,'sexual'),(323,'absurd'),(324,'sexual'),(324,'absurd'),(325,'drugs'),(326,'seroius'),(327,'gross'),(327,'mundane'),(328,'gross'),(328,'absurd'),(328,'mundane'),(329,'sexual'),(329,'mundane'),(330,'gross'),(331,'nostalgia'),(331,'mundane'),(332,'absurd'),(332,'racist'),(332,'mundane'),(333,'nostalgia'),(333,'mundane'),(334,'absurd'),(335,'sexual'),(335,'gross'),(335,'absurd'),(335,'seroius'),(336,'religion'),(336,'politics'),(337,'sexual'),(337,'mundane'),(338,'mundane'),(339,'seroius'),(340,'politics'),(340,'seroius'),(341,'nostalgia'),(341,'absurd'),(342,'absurd'),(343,'sexual'),(343,'nostalgia'),(343,'mundane'),(344,'nostalgia'),(344,'religion'),(345,'absurd'),(345,'seroius'),(346,'absurd'),(347,'mundane'),(348,'racist'),(348,'politics'),(349,'nostalgia'),(349,'religion'),(349,'politics'),(350,'sexual'),(350,'gross'),(350,'absurd'),(351,'nostalgia'),(351,'religion'),(351,'politics'),(352,'absurd'),(352,'religion'),(352,'politics'),(352,'seroius'),(353,'absurd'),(353,'drugs'),(353,'seroius'),(354,'politics'),(355,'nostalgia'),(356,'sexual'),(356,'religion'),(357,'absurd'),(358,'seroius'),(359,'absurd'),(360,'sexual'),(360,'mundane'),(361,'sexual'),(361,'absurd'),(361,'politics'),(362,'absurd'),(362,'religion'),(362,'politics'),(362,'seroius'),(363,'politics'),(364,'nostalgia'),(364,'absurd'),(364,'seroius'),(365,'seroius'),(366,'nostalgia'),(366,'religion'),(366,'politics'),(367,'seroius'),(368,'drugs'),(368,'seroius'),(369,'gross'),(369,'seroius'),(370,'gross'),(370,'religion'),(370,'politics'),(371,'sexual'),(371,'absurd'),(371,'mundane'),(372,'absurd'),(373,'gross'),(373,'seroius'),(374,'sexual'),(374,'gross'),(374,'absurd'),(375,'nostalgia'),(375,'mundane'),(376,'gross'),(376,'politics'),(377,'gross'),(377,'absurd'),(378,'sexual'),(378,'drugs'),(378,'mundane'),(379,'nostalgia'),(379,'absurd'),(379,'mundane'),(380,'sexual'),(380,'gross'),(380,'absurd'),(380,'mundane'),(381,'nostalgia'),(381,'seroius'),(381,'mundane'),(382,'sexual'),(382,'gross'),(382,'absurd'),(383,'nostalgia'),(383,'absurd'),(383,'mundane'),(384,'absurd'),(385,'sexual'),(385,'gross'),(385,'absurd'),(386,'racist'),(386,'seroius'),(387,'sexual'),(387,'mundane'),(388,'racist'),(388,'religion'),(388,'politics'),(388,'seroius'),(389,'sexual'),(390,'sexual'),(390,'gross'),(390,'absurd'),(390,'seroius'),(391,'gross'),(391,'absurd'),(391,'seroius'),(392,'sexual'),(392,'mundane'),(393,'sexual'),(393,'absurd'),(393,'religion'),(393,'politics'),(393,'seroius'),(394,'sexual'),(394,'gross'),(394,'absurd'),(395,'sexual'),(396,'racist'),(396,'politics'),(396,'seroius'),(397,'gross'),(397,'absurd'),(398,'nostalgia'),(399,'gross'),(400,'nostalgia'),(400,'absurd'),(400,'racist'),(400,'drugs'),(400,'religion'),(400,'politics'),(400,'seroius'),(400,'mundane'),(401,'mundane'),(402,'sexual'),(402,'gross'),(402,'absurd'),(403,'sexual'),(403,'absurd'),(404,'nostalgia'),(404,'absurd'),(404,'mundane'),(405,'gross'),(405,'absurd'),(405,'seroius'),(406,'sexual'),(406,'nostalgia'),(408,'absurd'),(408,'mundane'),(409,'sexual'),(409,'gross'),(409,'absurd'),(410,'nostalgia'),(411,'sexual'),(411,'gross'),(411,'absurd'),(412,'racist'),(412,'mundane'),(413,'nostalgia'),(413,'mundane'),(414,'racist'),(414,'politics'),(414,'seroius'),(415,'sexual'),(415,'nostalgia'),(415,'racist'),(417,'religion'),(418,'absurd'),(418,'seroius'),(419,'racist'),(419,'seroius'),(420,'absurd'),(420,'mundane'),(421,'seroius'),(422,'gross'),(422,'seroius'),(423,'sexual'),(423,'gross'),(423,'absurd'),(423,'mundane'),(424,'racist'),(424,'politics'),(425,'nostalgia'),(425,'absurd'),(425,'mundane'),(426,'nostalgia'),(426,'absurd'),(427,'racist'),(427,'politics'),(427,'seroius'),(428,'sexual'),(429,'nostalgia'),(429,'absurd'),(429,'politics'),(430,'absurd'),(430,'seroius'),(431,'drugs'),(431,'seroius'),(432,'absurd'),(432,'seroius'),(433,'seroius'),(434,'sexual'),(434,'nostalgia'),(434,'mundane'),(435,'gross'),(436,'mundane'),(437,'mundane'),(438,'sexual'),(438,'mundane'),(439,'seroius'),(440,'nostalgia'),(440,'mundane'),(441,'sexual'),(441,'nostalgia'),(441,'gross'),(441,'absurd'),(442,'sexual'),(443,'sexual'),(443,'gross'),(444,'racist'),(446,'absurd'),(446,'politics'),(447,'nostalgia'),(447,'religion'),(448,'politics'),(449,'politics'),(449,'seroius'),(450,'gross'),(450,'absurd'),(451,'religion'),(451,'mundane'),(452,'religion'),(452,'politics'),(452,'seroius'),(453,'gross'),(453,'absurd'),(454,'gross'),(454,'absurd'),(455,'nostalgia'),(455,'mundane'),(456,'gross'),(456,'seroius'),(457,'sexual'),(458,'sexual'),(459,'nostalgia'),(459,'absurd'),(459,'mundane'),(461,'gross'),(462,'sexual');
/*!40000 ALTER TABLE `Labels` ENABLE KEYS */;
UNLOCK TABLES;

--
-- Table structure for table `MaterializedWeights`
--

DROP TABLE IF EXISTS `MaterializedWeights`;
/*!40101 SET @saved_cs_client     = @@character_set_client */;
/*!40101 SET character_set_client = utf8 */;
CREATE TABLE `MaterializedWeights` (
  `BlackCardID` int(11) DEFAULT NULL,
  `label` char(15) DEFAULT NULL,
  `weight` double(10,4) DEFAULT NULL
) ENGINE=InnoDB DEFAULT CHARSET=utf8;
/*!40101 SET character_set_client = @saved_cs_client */;

--
-- Dumping data for table `MaterializedWeights`
--

LOCK TABLES `MaterializedWeights` WRITE;
/*!40000 ALTER TABLE `MaterializedWeights` DISABLE KEYS */;
INSERT INTO `MaterializedWeights` VALUES (459,'sexual',0.3333),(459,'seroius',0.6667),(459,'religion',0.3333),(459,'racist',0.3333),(459,'politics',0.6667),(459,'nostalgia',0.3333),(459,'mundane',0.3333),(459,'gross',0.3333),(459,'drugs',0.3333),(459,'absurd',0.3333),(461,'sexual',0.6667),(461,'seroius',0.3333),(461,'religion',0.3333),(461,'racist',0.3333),(461,'politics',0.3333),(461,'nostalgia',0.3333),(461,'mundane',0.3333),(461,'gross',0.6667),(461,'drugs',0.3333),(461,'absurd',0.3333),(475,'sexual',0.3333),(475,'seroius',0.3333),(475,'religion',0.3333),(475,'racist',0.3333),(475,'politics',0.3333),(475,'nostalgia',0.3333),(475,'mundane',0.3333),(475,'gross',0.3333),(475,'drugs',0.3333),(475,'absurd',0.3333),(481,'sexual',0.6667),(481,'seroius',0.6667),(481,'religion',0.6667),(481,'racist',0.3333),(481,'politics',0.6667),(481,'nostalgia',0.3333),(481,'mundane',0.3333),(481,'gross',0.3333),(481,'drugs',0.3333),(481,'absurd',0.6667),(482,'sexual',0.5000),(482,'seroius',0.2500),(482,'religion',0.2500),(482,'racist',0.2500),(482,'politics',0.2500),(482,'nostalgia',0.5000),(482,'mundane',0.5000),(482,'gross',0.5000),(482,'drugs',0.2500),(482,'absurd',0.5000),(483,'sexual',0.3333),(483,'seroius',0.3333),(483,'religion',0.3333),(483,'racist',0.3333),(483,'politics',0.3333),(483,'nostalgia',0.3333),(483,'mundane',0.6667),(483,'gross',0.3333),(483,'drugs',0.3333),(483,'absurd',0.6667),(485,'sexual',0.2500),(485,'seroius',0.2500),(485,'religion',0.2500),(485,'racist',0.2500),(485,'politics',0.2500),(485,'nostalgia',0.2500),(485,'mundane',0.2500),(485,'gross',0.2500),(485,'drugs',0.2500),(485,'absurd',0.5000),(487,'sexual',0.3333),(487,'seroius',0.3333),(487,'religion',0.6667),(487,'racist',0.3333),(487,'politics',0.3333),(487,'nostalgia',0.3333),(487,'mundane',0.6667),(487,'gross',0.3333),(487,'drugs',0.3333),(487,'absurd',0.3333),(493,'sexual',0.6667),(493,'seroius',0.3333),(493,'religion',0.3333),(493,'racist',0.3333),(493,'politics',0.3333),(493,'nostalgia',0.3333),(493,'mundane',0.3333),(493,'gross',0.6667),(493,'drugs',0.3333),(493,'absurd',0.6667),(506,'sexual',0.3333),(506,'seroius',0.6667),(506,'religion',0.6667),(506,'racist',0.3333),(506,'politics',0.6667),(506,'nostalgia',0.3333),(506,'mundane',0.3333),(506,'gross',0.3333),(506,'drugs',0.3333),(506,'absurd',0.6667),(508,'sexual',0.3333),(508,'seroius',0.3333),(508,'religion',0.3333),(508,'racist',0.3333),(508,'politics',0.3333),(508,'nostalgia',0.3333),(508,'mundane',0.3333),(508,'gross',0.3333),(508,'drugs',0.3333),(508,'absurd',0.6667),(510,'sexual',0.3333),(510,'seroius',0.6667),(510,'religion',0.3333),(510,'racist',0.3333),(510,'politics',0.3333),(510,'nostalgia',0.3333),(510,'mundane',0.3333),(510,'gross',0.3333),(510,'drugs',0.3333),(510,'absurd',0.3333),(515,'sexual',0.3333),(515,'seroius',0.3333),(515,'religion',0.3333),(515,'racist',0.3333),(515,'politics',0.3333),(515,'nostalgia',0.6667),(515,'mundane',0.3333),(515,'gross',0.3333),(515,'drugs',0.3333),(515,'absurd',0.3333),(543,'sexual',0.5000),(543,'seroius',0.2500),(543,'religion',0.5000),(543,'racist',0.2500),(543,'politics',0.5000),(543,'nostalgia',0.5000),(543,'mundane',0.2500),(543,'gross',0.2500),(543,'drugs',0.2500),(543,'absurd',0.5000);
/*!40000 ALTER TABLE `MaterializedWeights` ENABLE KEYS */;
UNLOCK TABLES;

--
-- Temporary table structure for view `MaxTurnOrder`
--

DROP TABLE IF EXISTS `MaxTurnOrder`;
/*!50001 DROP VIEW IF EXISTS `MaxTurnOrder`*/;
SET @saved_cs_client     = @@character_set_client;
SET character_set_client = utf8;
/*!50001 CREATE TABLE `MaxTurnOrder` (
  `GameID` tinyint NOT NULL,
  `HighestTurnOrder` tinyint NOT NULL
) ENGINE=MyISAM */;
SET character_set_client = @saved_cs_client;

--
-- Table structure for table `Player`
--

DROP TABLE IF EXISTS `Player`;
/*!40101 SET @saved_cs_client     = @@character_set_client */;
/*!40101 SET character_set_client = utf8 */;
CREATE TABLE `Player` (
  `ID` int(11) NOT NULL AUTO_INCREMENT,
  `Name` char(64) DEFAULT NULL,
  `AuthToken` int(11) NOT NULL,
  PRIMARY KEY (`ID`),
  UNIQUE KEY `ID_UNIQUE` (`ID`),
  UNIQUE KEY `AuthToken_UNIQUE` (`AuthToken`)
) ENGINE=InnoDB AUTO_INCREMENT=126 DEFAULT CHARSET=utf8;
/*!40101 SET character_set_client = @saved_cs_client */;

--
-- Dumping data for table `Player`
--

LOCK TABLES `Player` WRITE;
/*!40000 ALTER TABLE `Player` DISABLE KEYS */;
INSERT INTO `Player` VALUES (115,'SkyNet',-1),(116,'Hal 9000',-2),(117,'Optimus Prime',-3),(118,'Mechagodzilla',-4),(119,'Bumblebee',-5),(120,'Gort',-6),(121,'Ranae',124424257),(122,'Hettie',1435114784),(123,'Hettie',1466394409),(124,'Hettie',988163528),(125,'Hettie',1253926276);
/*!40000 ALTER TABLE `Player` ENABLE KEYS */;
UNLOCK TABLES;

--
-- Temporary table structure for view `PlayerCount`
--

DROP TABLE IF EXISTS `PlayerCount`;
/*!50001 DROP VIEW IF EXISTS `PlayerCount`*/;
SET @saved_cs_client     = @@character_set_client;
SET character_set_client = utf8;
/*!50001 CREATE TABLE `PlayerCount` (
  `GameID` tinyint NOT NULL,
  `PlayerCount` tinyint NOT NULL
) ENGINE=MyISAM */;
SET character_set_client = @saved_cs_client;

--
-- Temporary table structure for view `PlayerHand`
--

DROP TABLE IF EXISTS `PlayerHand`;
/*!50001 DROP VIEW IF EXISTS `PlayerHand`*/;
SET @saved_cs_client     = @@character_set_client;
SET character_set_client = utf8;
/*!50001 CREATE TABLE `PlayerHand` (
  `PlayerID` tinyint NOT NULL,
  `CardID` tinyint NOT NULL,
  `RoundPlayed` tinyint NOT NULL,
  `GameID` tinyint NOT NULL
) ENGINE=MyISAM */;
SET character_set_client = @saved_cs_client;

--
-- Table structure for table `PlayersInGame`
--

DROP TABLE IF EXISTS `PlayersInGame`;
/*!40101 SET @saved_cs_client     = @@character_set_client */;
/*!40101 SET character_set_client = utf8 */;
CREATE TABLE `PlayersInGame` (
  `PlayerID` int(11) DEFAULT NULL,
  `GameID` int(11) DEFAULT NULL,
  `TurnOrder` int(11) DEFAULT NULL
) ENGINE=InnoDB DEFAULT CHARSET=utf8;
/*!40101 SET character_set_client = @saved_cs_client */;

--
-- Dumping data for table `PlayersInGame`
--

LOCK TABLES `PlayersInGame` WRITE;
/*!40000 ALTER TABLE `PlayersInGame` DISABLE KEYS */;
INSERT INTO `PlayersInGame` VALUES (120,57,0),(119,57,0),(121,57,1),(120,58,0),(119,58,0),(118,58,0),(117,58,0),(116,58,0),(115,58,0),(121,58,1),(121,56,1),(121,59,1),(122,1,1),(123,1,2),(123,2,1),(124,2,2),(124,4,1),(124,6,1),(124,7,1),(120,8,0),(119,8,0),(118,8,0),(117,8,0),(116,8,0),(115,8,0),(124,8,1),(124,9,1),(120,12,0),(119,12,0),(118,12,0),(124,12,1),(120,13,0),(119,13,0),(118,13,0),(117,13,0),(120,16,0),(115,16,0),(116,16,0),(117,16,0);
/*!40000 ALTER TABLE `PlayersInGame` ENABLE KEYS */;
UNLOCK TABLES;

--
-- Temporary table structure for view `Players_Played`
--

DROP TABLE IF EXISTS `Players_Played`;
/*!50001 DROP VIEW IF EXISTS `Players_Played`*/;
SET @saved_cs_client     = @@character_set_client;
SET character_set_client = utf8;
/*!50001 CREATE TABLE `Players_Played` (
  `GameID` tinyint NOT NULL,
  `PlayerID` tinyint NOT NULL
) ENGINE=MyISAM */;
SET character_set_client = @saved_cs_client;

--
-- Table structure for table `Round`
--

DROP TABLE IF EXISTS `Round`;
/*!40101 SET @saved_cs_client     = @@character_set_client */;
/*!40101 SET character_set_client = utf8 */;
CREATE TABLE `Round` (
  `RoundNumber` int(11) DEFAULT NULL,
  `GameID` int(11) DEFAULT NULL,
  `WinnerID` int(11) DEFAULT NULL,
  `BlackCardID` varchar(45) DEFAULT NULL
) ENGINE=InnoDB DEFAULT CHARSET=utf8;
/*!40101 SET character_set_client = @saved_cs_client */;

--
-- Dumping data for table `Round`
--

LOCK TABLES `Round` WRITE;
/*!40000 ALTER TABLE `Round` DISABLE KEYS */;
INSERT INTO `Round` VALUES (4,1,1,'1'),(5,1,1,'1'),(1,1,1,'1'),(1,1,1,'1'),(1,1,1,'1'),(2,1,1,'1'),(3,1,1,'1'),(1,1,1,'1'),(1,1,1,'1'),(1,1,1,'1'),(1,6,5,'299'),(2,6,5,'426'),(3,6,5,'80'),(1,11,5,'315'),(4,6,5,'299'),(5,6,7,'76'),(1,13,6,'457'),(2,13,7,'246'),(3,13,6,'353'),(1,14,12,'151'),(1,10,13,'151'),(1,12,16,'320'),(1,8,16,'296'),(1,17,18,'279'),(1,18,20,'89'),(1,19,25,'203'),(1,22,33,'98'),(1,25,39,'76'),(2,25,40,'394'),(3,25,38,'352'),(1,27,43,'274'),(2,27,42,'326'),(1,29,55,'443'),(2,29,51,'53'),(1,34,71,'117'),(1,37,77,'195'),(2,45,3,'482'),(3,45,3,'493'),(4,45,2,'506'),(1,48,2,'483'),(1,49,3,'508'),(2,49,3,'510'),(1,50,3,'459'),(2,50,3,'485'),(3,50,2,'487'),(4,50,3,'475'),(5,50,2,'543'),(6,50,2,'515'),(1,51,2,'461'),(2,51,101,'481'),(1,52,3,'485'),(1,53,3,'499'),(2,53,106,'469'),(3,53,2,'514'),(4,53,106,'459'),(5,53,107,'527'),(1,54,3,'470'),(1,55,3,'533'),(2,55,3,'542'),(3,55,3,'501'),(4,55,2,'527'),(5,55,3,'467'),(6,55,3,'473'),(7,55,2,'481'),(8,55,3,'462'),(1,57,119,'523'),(2,57,119,'520'),(3,57,120,'530'),(4,57,120,'508'),(5,57,119,'531'),(6,57,120,'527'),(7,57,119,'491'),(8,57,119,'479'),(9,57,120,'489'),(10,57,119,'503'),(11,57,120,'509'),(12,57,119,'469'),(1,58,119,'521'),(2,58,117,'477'),(3,58,115,'489'),(4,58,115,'498'),(5,58,115,'533'),(6,58,115,'485'),(7,58,120,'510'),(8,58,116,'463'),(9,58,116,'460'),(10,58,115,'501'),(11,58,118,'515'),(12,58,117,'513'),(13,58,117,'543'),(14,58,117,'494'),(15,58,120,'499'),(16,58,118,'505'),(17,58,117,'490'),(18,58,115,'542'),(19,58,119,'471'),(20,58,119,'484'),(21,58,117,'468'),(22,58,115,'518'),(23,58,115,'473'),(24,58,115,'465'),(25,58,115,'491'),(26,58,118,'503'),(27,58,115,'483'),(28,58,118,'547'),(29,58,120,'476'),(30,58,120,'487'),(31,58,120,'529'),(32,58,118,'470'),(33,58,119,'545'),(34,58,117,'508'),(35,58,116,'536'),(36,58,119,'539'),(37,58,120,'461'),(38,58,120,'493'),(39,58,120,'544'),(40,58,118,'516'),(41,58,120,'497'),(42,58,120,'519'),(43,58,119,'527'),(44,58,118,'504'),(45,58,116,'459'),(46,58,115,'532'),(47,58,116,'467'),(48,58,117,'495'),(49,58,117,'478'),(50,58,120,'480'),(51,58,116,'524'),(52,58,115,'481'),(53,58,117,'469'),(54,58,115,'482'),(55,58,117,'535'),(56,58,119,'511'),(57,58,116,'548'),(58,58,116,'507'),(59,58,119,'506'),(1,8,118,'545'),(2,8,118,'459'),(3,8,119,'460'),(4,8,120,'461'),(5,8,119,'462'),(6,8,120,'463'),(7,8,119,'464'),(8,8,117,'465'),(9,8,118,'466'),(10,8,118,'467'),(11,8,120,'468'),(12,8,117,'469'),(13,8,115,'470'),(14,8,118,'471'),(15,8,118,'472'),(16,8,118,'473'),(17,8,118,'474'),(18,8,118,'475'),(19,8,119,'476'),(20,8,118,'477'),(21,8,119,'478'),(22,8,118,'479'),(23,8,117,'480'),(24,8,119,'481'),(25,8,118,'482'),(26,8,115,'483'),(27,8,115,'484'),(28,8,117,'485'),(29,8,117,'486'),(30,8,119,'487'),(31,8,117,'488'),(32,8,115,'489'),(33,8,118,'490'),(34,8,115,'491'),(35,8,116,'492'),(36,8,120,'493'),(37,8,119,'494'),(38,8,115,'495'),(39,8,116,'496'),(40,8,117,'497'),(41,8,118,'498'),(42,8,120,'499'),(43,8,119,'500'),(44,8,118,'501'),(45,8,119,'502'),(46,8,120,'503'),(47,8,119,'504'),(48,8,120,'505'),(49,8,116,'506'),(50,8,116,'507'),(51,8,115,'508'),(52,8,120,'509'),(53,8,117,'510'),(54,8,119,'511'),(55,8,115,'512'),(56,8,116,'513'),(57,8,118,'514'),(58,8,118,'515'),(59,8,116,'516'),(60,8,118,'517'),(61,8,116,'518'),(62,8,119,'519'),(63,8,116,'520'),(64,8,120,'521'),(65,8,120,'522'),(66,8,120,'523'),(67,8,119,'524'),(68,8,119,'525'),(69,8,118,'526'),(70,8,118,'527'),(71,8,117,'528'),(72,8,116,'529'),(73,8,117,'530'),(74,8,116,'531'),(75,8,115,'532'),(76,8,115,'533'),(77,8,124,'534'),(78,8,119,'535'),(79,8,119,'536'),(80,8,116,'537'),(81,8,116,'538'),(82,8,120,'539'),(83,8,117,'540'),(84,8,116,'541'),(85,8,118,'542'),(86,8,115,'543'),(87,8,117,'544'),(88,8,116,'545'),(89,8,120,'546'),(90,8,120,'547'),(91,8,117,'548'),(92,8,117,'0'),(93,8,117,'459'),(94,8,120,'523'),(95,8,118,'487'),(96,8,119,'486'),(97,8,116,'524'),(98,8,117,'476'),(99,8,120,'490'),(100,8,119,'527'),(101,8,119,'540'),(102,8,119,'542'),(103,8,117,'539'),(104,8,120,'508'),(105,8,119,'503'),(106,8,116,'495'),(1,12,119,'483'),(2,12,118,'530'),(3,12,120,'542'),(4,12,118,'474'),(5,12,118,'504');
/*!40000 ALTER TABLE `Round` ENABLE KEYS */;
UNLOCK TABLES;

--
-- Table structure for table `WhiteCard`
--

DROP TABLE IF EXISTS `WhiteCard`;
/*!40101 SET @saved_cs_client     = @@character_set_client */;
/*!40101 SET character_set_client = utf8 */;
CREATE TABLE `WhiteCard` (
  `ID` int(11) NOT NULL AUTO_INCREMENT,
  PRIMARY KEY (`ID`),
  UNIQUE KEY `ID_UNIQUE` (`ID`)
) ENGINE=InnoDB AUTO_INCREMENT=459 DEFAULT CHARSET=utf8;
/*!40101 SET character_set_client = @saved_cs_client */;

--
-- Dumping data for table `WhiteCard`
--

LOCK TABLES `WhiteCard` WRITE;
/*!40000 ALTER TABLE `WhiteCard` DISABLE KEYS */;
INSERT INTO `WhiteCard` VALUES (1),(2),(3),(4),(5),(6),(7),(8),(9),(10),(11),(12),(13),(14),(15),(16),(17),(18),(19),(20),(21),(22),(23),(24),(25),(26),(27),(28),(29),(30),(31),(32),(33),(34),(35),(36),(37),(38),(39),(40),(41),(42),(43),(44),(45),(46),(47),(48),(49),(50),(51),(52),(53),(54),(55),(56),(57),(58),(59),(60),(61),(62),(63),(64),(65),(66),(67),(68),(69),(70),(71),(72),(73),(74),(75),(76),(77),(78),(79),(80),(81),(82),(83),(84),(85),(86),(87),(88),(89),(90),(91),(92),(93),(94),(95),(96),(97),(98),(99),(100),(101),(102),(103),(104),(105),(106),(107),(108),(109),(110),(111),(112),(113),(114),(115),(116),(117),(118),(119),(120),(121),(122),(123),(124),(125),(126),(127),(128),(129),(130),(131),(132),(133),(134),(135),(136),(137),(138),(139),(140),(141),(142),(143),(144),(145),(146),(147),(148),(149),(150),(151),(152),(153),(154),(155),(156),(157),(158),(159),(160),(161),(162),(163),(164),(165),(166),(167),(168),(169),(170),(171),(172),(173),(174),(175),(176),(177),(178),(179),(180),(181),(182),(183),(184),(185),(186),(187),(188),(189),(190),(191),(192),(193),(194),(195),(196),(197),(198),(199),(200),(201),(202),(203),(204),(205),(206),(207),(208),(209),(210),(211),(212),(213),(214),(215),(216),(217),(218),(219),(220),(221),(222),(223),(224),(225),(226),(227),(228),(229),(230),(231),(232),(233),(234),(235),(236),(237),(238),(239),(240),(241),(242),(243),(244),(245),(246),(247),(248),(249),(250),(251),(252),(253),(254),(255),(256),(257),(258),(259),(260),(261),(262),(263),(264),(265),(266),(267),(268),(269),(270),(271),(272),(273),(274),(275),(276),(277),(278),(279),(280),(281),(282),(283),(284),(285),(286),(287),(288),(289),(290),(291),(292),(293),(294),(295),(296),(297),(298),(299),(300),(301),(302),(303),(304),(305),(306),(307),(308),(309),(310),(311),(312),(313),(314),(315),(316),(317),(318),(319),(320),(321),(322),(323),(324),(325),(326),(327),(328),(329),(330),(331),(332),(333),(334),(335),(336),(337),(338),(339),(340),(341),(342),(343),(344),(345),(346),(347),(348),(349),(350),(351),(352),(353),(354),(355),(356),(357),(358),(359),(360),(361),(362),(363),(364),(365),(366),(367),(368),(369),(370),(371),(372),(373),(374),(375),(376),(377),(378),(379),(380),(381),(382),(383),(384),(385),(386),(387),(388),(389),(390),(391),(392),(393),(394),(395),(396),(397),(398),(399),(400),(401),(402),(403),(404),(405),(406),(407),(408),(409),(410),(411),(412),(413),(414),(415),(416),(417),(418),(419),(420),(421),(422),(423),(424),(425),(426),(427),(428),(429),(430),(431),(432),(433),(434),(435),(436),(437),(438),(439),(440),(441),(442),(443),(444),(445),(446),(447),(448),(449),(450),(451),(452),(453),(454),(455),(456),(457),(458);
/*!40000 ALTER TABLE `WhiteCard` ENABLE KEYS */;
UNLOCK TABLES;

--
-- Temporary table structure for view `WhiteDeck`
--

DROP TABLE IF EXISTS `WhiteDeck`;
/*!50001 DROP VIEW IF EXISTS `WhiteDeck`*/;
SET @saved_cs_client     = @@character_set_client;
SET character_set_client = utf8;
/*!50001 CREATE TABLE `WhiteDeck` (
  `CardID` tinyint NOT NULL,
  `GameID` tinyint NOT NULL
) ENGINE=MyISAM */;
SET character_set_client = @saved_cs_client;

--
-- Table structure for table `WhiteDeck2`
--

DROP TABLE IF EXISTS `WhiteDeck2`;
/*!40101 SET @saved_cs_client     = @@character_set_client */;
/*!40101 SET character_set_client = utf8 */;
CREATE TABLE `WhiteDeck2` (
  `CardID` int(11) DEFAULT NULL,
  `GameID` int(11) DEFAULT NULL
) ENGINE=InnoDB DEFAULT CHARSET=utf8;
/*!40101 SET character_set_client = @saved_cs_client */;

--
-- Dumping data for table `WhiteDeck2`
--

LOCK TABLES `WhiteDeck2` WRITE;
/*!40000 ALTER TABLE `WhiteDeck2` DISABLE KEYS */;
INSERT INTO `WhiteDeck2` VALUES (1,1),(2,1),(3,1),(4,1),(5,1),(6,1),(7,1),(8,1),(9,1),(10,1),(11,1),(12,1),(13,1),(14,1),(15,1),(16,1),(17,1),(18,1),(19,1),(20,1),(21,1),(22,1),(23,1),(24,1),(25,1),(26,1),(27,1),(28,1),(29,1),(30,1),(31,1),(32,1),(33,1),(34,1),(35,1),(36,1),(37,1),(38,1),(39,1),(40,1),(41,1),(42,1),(43,1),(44,1),(45,1),(46,1),(47,1),(48,1),(49,1),(50,1),(51,1),(52,1),(53,1),(54,1),(55,1),(56,1),(57,1),(58,1),(59,1),(60,1),(61,1),(62,1),(63,1),(64,1),(65,1),(66,1),(67,1),(68,1),(69,1),(70,1),(71,1),(72,1),(73,1),(74,1),(75,1),(76,1),(77,1),(78,1),(79,1),(80,1),(81,1),(82,1),(83,1),(84,1),(85,1),(86,1),(87,1),(88,1),(89,1),(90,1),(91,1),(92,1),(93,1),(94,1),(95,1),(96,1),(97,1),(98,1),(99,1),(100,1),(101,1),(102,1),(103,1),(104,1),(105,1),(106,1),(107,1),(108,1),(109,1),(110,1),(111,1),(112,1),(113,1),(114,1),(115,1),(116,1),(117,1),(118,1),(119,1),(120,1),(121,1),(122,1),(123,1),(124,1),(125,1),(126,1),(127,1),(128,1),(129,1),(130,1),(131,1),(132,1),(133,1),(134,1),(135,1),(136,1),(137,1),(138,1),(139,1),(140,1),(141,1),(142,1),(143,1),(144,1),(145,1),(146,1),(147,1),(148,1),(149,1),(150,1),(151,1),(152,1),(153,1),(154,1),(155,1),(156,1),(157,1),(158,1),(159,1),(160,1),(161,1),(162,1),(163,1),(164,1),(165,1),(166,1),(167,1),(168,1),(169,1),(170,1),(171,1),(172,1),(173,1),(174,1),(175,1),(176,1),(177,1),(178,1),(179,1),(180,1),(181,1),(182,1),(183,1),(184,1),(185,1),(186,1),(187,1),(188,1),(189,1),(190,1),(191,1),(192,1),(193,1),(194,1),(195,1),(196,1),(197,1),(198,1),(199,1),(200,1),(201,1),(202,1),(203,1),(204,1),(205,1),(206,1),(207,1),(208,1),(209,1),(210,1),(211,1),(212,1),(213,1),(214,1),(215,1),(216,1),(217,1),(218,1),(219,1),(220,1),(221,1),(222,1),(223,1),(224,1),(225,1),(226,1),(227,1),(228,1),(229,1),(230,1),(231,1),(232,1),(233,1),(234,1),(235,1),(236,1),(237,1),(238,1),(239,1),(240,1),(241,1),(242,1),(243,1),(244,1),(245,1),(246,1),(247,1),(248,1),(249,1),(250,1),(251,1),(252,1),(253,1),(254,1),(255,1),(256,1),(257,1),(258,1),(259,1),(260,1),(261,1),(262,1),(263,1),(264,1),(265,1),(266,1),(267,1),(268,1),(269,1),(270,1),(271,1),(272,1),(273,1),(274,1),(275,1),(276,1),(277,1),(278,1),(279,1),(280,1),(281,1),(282,1),(283,1),(284,1),(285,1),(286,1),(287,1),(288,1),(289,1),(290,1),(291,1),(292,1),(293,1),(294,1),(295,1),(296,1),(297,1),(298,1),(299,1),(300,1),(301,1),(302,1),(303,1),(304,1),(305,1),(306,1),(307,1),(308,1),(309,1),(310,1),(311,1),(312,1),(313,1),(314,1),(315,1),(316,1),(317,1),(318,1),(319,1),(320,1),(321,1),(322,1),(323,1),(324,1),(325,1),(326,1),(327,1),(328,1),(329,1),(330,1),(331,1),(332,1),(333,1),(334,1),(335,1),(336,1),(337,1),(338,1),(339,1),(340,1),(341,1),(342,1),(343,1),(344,1),(345,1),(346,1),(347,1),(348,1),(349,1),(350,1),(351,1),(352,1),(353,1),(354,1),(355,1),(356,1),(357,1),(358,1),(359,1),(360,1),(361,1),(362,1),(363,1),(364,1),(365,1),(366,1),(367,1),(368,1),(369,1),(370,1),(371,1),(372,1),(373,1),(374,1),(375,1),(376,1),(377,1),(378,1),(379,1),(380,1),(381,1),(382,1),(383,1),(384,1),(385,1),(386,1),(387,1),(388,1),(389,1),(390,1),(391,1),(392,1),(393,1),(394,1),(395,1),(396,1),(397,1),(398,1),(399,1),(400,1),(401,1),(402,1),(403,1),(404,1),(405,1),(406,1),(407,1),(408,1),(409,1),(410,1),(411,1),(412,1),(413,1),(414,1),(415,1),(416,1),(417,1),(418,1),(419,1),(420,1),(421,1),(422,1),(423,1),(424,1),(425,1),(426,1),(427,1),(428,1),(429,1),(430,1),(431,1),(432,1),(433,1),(434,1),(435,1),(436,1),(437,1),(438,1),(439,1),(440,1),(441,1),(442,1),(443,1),(444,1),(445,1),(446,1),(447,1),(448,1),(449,1),(450,1),(451,1),(452,1),(453,1),(454,1),(455,1),(456,1),(457,1),(458,1),(21,2),(22,2),(23,2),(24,2),(25,2),(26,2),(27,2),(28,2),(29,2),(30,2),(31,2),(32,2),(33,2),(34,2),(35,2),(36,2),(37,2),(38,2),(39,2),(40,2),(41,2),(42,2),(43,2),(44,2),(45,2),(46,2),(47,2),(48,2),(49,2),(50,2),(51,2),(52,2),(53,2),(54,2),(55,2),(56,2),(57,2),(58,2),(59,2),(60,2),(61,2),(62,2),(63,2),(64,2),(65,2),(66,2),(67,2),(68,2),(69,2),(70,2),(71,2),(72,2),(73,2),(74,2),(75,2),(76,2),(77,2),(78,2),(79,2),(80,2),(81,2),(82,2),(83,2),(84,2),(85,2),(86,2),(87,2),(88,2),(89,2),(90,2),(91,2),(92,2),(93,2),(94,2),(95,2),(96,2),(97,2),(98,2),(99,2),(100,2),(101,2),(102,2),(103,2),(104,2),(105,2),(106,2),(107,2),(108,2),(109,2),(110,2),(111,2),(112,2),(113,2),(114,2),(115,2),(116,2),(117,2),(118,2),(119,2),(120,2),(121,2),(122,2),(123,2),(124,2),(125,2),(126,2),(127,2),(128,2),(129,2),(130,2),(131,2),(132,2),(133,2),(134,2),(135,2),(136,2),(137,2),(138,2),(139,2),(140,2),(141,2),(142,2),(143,2),(144,2),(145,2),(146,2),(147,2),(148,2),(149,2),(150,2),(151,2),(152,2),(153,2),(154,2),(155,2),(156,2),(157,2),(158,2),(159,2),(160,2),(161,2),(162,2),(163,2),(164,2),(165,2),(166,2),(167,2),(168,2),(169,2),(170,2),(171,2),(172,2),(173,2),(174,2),(175,2),(176,2),(177,2),(178,2),(179,2),(180,2),(181,2),(182,2),(183,2),(184,2),(185,2),(186,2),(187,2),(188,2),(189,2),(190,2),(191,2),(192,2),(193,2),(194,2),(195,2),(196,2),(197,2),(198,2),(199,2),(200,2),(201,2),(202,2),(203,2),(204,2),(205,2),(206,2),(207,2),(208,2),(209,2),(210,2),(211,2),(212,2),(213,2),(214,2),(215,2),(216,2),(217,2),(218,2),(219,2),(220,2),(221,2),(222,2),(223,2),(224,2),(225,2),(226,2),(227,2),(228,2),(229,2),(230,2),(231,2),(232,2),(233,2),(234,2),(235,2),(236,2),(237,2),(238,2),(239,2),(240,2),(241,2),(242,2),(243,2),(244,2),(245,2),(246,2),(247,2),(248,2),(249,2),(250,2),(251,2),(252,2),(253,2),(254,2),(255,2),(256,2),(257,2),(258,2),(259,2),(260,2),(261,2),(262,2),(263,2),(264,2),(265,2),(266,2),(267,2),(268,2),(269,2),(270,2),(271,2),(272,2),(273,2),(274,2),(275,2),(276,2),(277,2),(278,2),(279,2),(280,2),(281,2),(282,2),(283,2),(284,2),(285,2),(286,2),(287,2),(288,2),(289,2),(290,2),(291,2),(292,2),(293,2),(294,2),(295,2),(296,2),(297,2),(298,2),(299,2),(300,2),(301,2),(302,2),(303,2),(304,2),(305,2),(306,2),(307,2),(308,2),(309,2),(310,2),(311,2),(312,2),(313,2),(314,2),(315,2),(316,2),(317,2),(318,2),(319,2),(320,2),(321,2),(322,2),(323,2),(324,2),(325,2),(326,2),(327,2),(328,2),(329,2),(330,2),(331,2),(332,2),(333,2),(334,2),(335,2),(336,2),(337,2),(338,2),(339,2),(340,2),(341,2),(342,2),(343,2),(344,2),(345,2),(346,2),(347,2),(348,2),(349,2),(350,2),(351,2),(352,2),(353,2),(354,2),(355,2),(356,2),(357,2),(358,2),(359,2),(360,2),(361,2),(362,2),(363,2),(364,2),(365,2),(366,2),(367,2),(368,2),(369,2),(370,2),(371,2),(372,2),(373,2),(374,2),(375,2),(376,2),(377,2),(378,2),(379,2),(380,2),(381,2),(382,2),(383,2),(384,2),(385,2),(386,2),(387,2),(388,2),(389,2),(390,2),(391,2),(392,2),(393,2),(394,2),(395,2),(396,2),(397,2),(398,2),(399,2),(400,2),(401,2),(402,2),(403,2),(404,2),(405,2),(406,2),(407,2),(408,2),(409,2),(410,2),(411,2),(412,2),(413,2),(414,2),(415,2),(416,2),(417,2),(418,2),(419,2),(420,2),(421,2),(422,2),(423,2),(424,2),(425,2),(426,2),(427,2),(428,2),(429,2),(430,2),(431,2),(432,2),(433,2),(434,2),(435,2),(436,2),(437,2),(438,2),(439,2),(440,2),(441,2),(442,2),(443,2),(444,2),(445,2),(446,2),(447,2),(448,2),(449,2),(450,2),(451,2),(452,2),(453,2),(454,2),(455,2),(456,2),(457,2),(458,2),(1,3),(2,3),(3,3),(4,3),(5,3),(6,3),(7,3),(8,3),(9,3),(10,3),(11,3),(12,3),(13,3),(14,3),(15,3),(16,3),(17,3),(18,3),(19,3),(20,3),(21,3),(22,3),(23,3),(24,3),(25,3),(26,3),(27,3),(28,3),(29,3),(30,3),(31,3),(32,3),(33,3),(34,3),(35,3),(36,3),(37,3),(38,3),(39,3),(40,3),(41,3),(42,3),(43,3),(44,3),(45,3),(46,3),(47,3),(48,3),(49,3),(50,3),(51,3),(52,3),(53,3),(54,3),(55,3),(56,3),(57,3),(58,3),(59,3),(60,3),(61,3),(62,3),(63,3),(64,3),(65,3),(66,3),(67,3),(68,3),(69,3),(70,3),(71,3),(72,3),(73,3),(74,3),(75,3),(76,3),(77,3),(78,3),(79,3),(80,3),(81,3),(82,3),(83,3),(84,3),(85,3),(86,3),(87,3),(88,3),(89,3),(90,3),(91,3),(92,3),(93,3),(94,3),(95,3),(96,3),(97,3),(98,3),(99,3),(100,3),(101,3),(102,3),(103,3),(104,3),(105,3),(106,3),(107,3),(108,3),(109,3),(110,3),(111,3),(112,3),(113,3),(114,3),(115,3),(116,3),(117,3),(118,3),(119,3),(120,3),(121,3),(122,3),(123,3),(124,3),(125,3),(126,3),(127,3),(128,3),(129,3),(130,3),(131,3),(132,3),(133,3),(134,3),(135,3),(136,3),(137,3),(138,3),(139,3),(140,3),(141,3),(142,3),(143,3),(144,3),(145,3),(146,3),(147,3),(148,3),(149,3),(150,3),(151,3),(152,3),(153,3),(154,3),(155,3),(156,3),(157,3),(158,3),(159,3),(160,3),(161,3),(162,3),(163,3),(164,3),(165,3),(166,3),(167,3),(168,3),(169,3),(170,3),(171,3),(172,3),(173,3),(174,3),(175,3),(176,3),(177,3),(178,3),(179,3),(180,3),(181,3),(182,3),(183,3),(184,3),(185,3),(186,3),(187,3),(188,3),(189,3),(190,3),(191,3),(192,3),(193,3),(194,3),(195,3),(196,3),(197,3),(198,3),(199,3),(200,3),(201,3),(202,3),(203,3),(204,3),(205,3),(206,3),(207,3),(208,3),(209,3),(210,3),(211,3),(212,3),(213,3),(214,3),(215,3),(216,3),(217,3),(218,3),(219,3),(220,3),(221,3),(222,3),(223,3),(224,3),(225,3),(226,3),(227,3),(228,3),(229,3),(230,3),(231,3),(232,3),(233,3),(234,3),(235,3),(236,3),(237,3),(238,3),(239,3),(240,3),(241,3),(242,3),(243,3),(244,3),(245,3),(246,3),(247,3),(248,3),(249,3),(250,3),(251,3),(252,3),(253,3),(254,3),(255,3),(256,3),(257,3),(258,3),(259,3),(260,3),(261,3),(262,3),(263,3),(264,3),(265,3),(266,3),(267,3),(268,3),(269,3),(270,3),(271,3),(272,3),(273,3),(274,3),(275,3),(276,3),(277,3),(278,3),(279,3),(280,3),(281,3),(282,3),(283,3),(284,3),(285,3),(286,3),(287,3),(288,3),(289,3),(290,3),(291,3),(292,3),(293,3),(294,3),(295,3),(296,3),(297,3),(298,3),(299,3),(300,3),(301,3),(302,3),(303,3),(304,3),(305,3),(306,3),(307,3),(308,3),(309,3),(310,3),(311,3),(312,3),(313,3),(314,3),(315,3),(316,3),(317,3),(318,3),(319,3),(320,3),(321,3),(322,3),(323,3),(324,3),(325,3),(326,3),(327,3),(328,3),(329,3),(330,3),(331,3),(332,3),(333,3),(334,3),(335,3),(336,3),(337,3),(338,3),(339,3),(340,3),(341,3),(342,3),(343,3),(344,3),(345,3),(346,3),(347,3),(348,3),(349,3),(350,3),(351,3),(352,3),(353,3),(354,3),(355,3),(356,3),(357,3),(358,3),(359,3),(360,3),(361,3),(362,3),(363,3),(364,3),(365,3),(366,3),(367,3),(368,3),(369,3),(370,3),(371,3),(372,3),(373,3),(374,3),(375,3),(376,3),(377,3),(378,3),(379,3),(380,3),(381,3),(382,3),(383,3),(384,3),(385,3),(386,3),(387,3),(388,3),(389,3),(390,3),(391,3),(392,3),(393,3),(394,3),(395,3),(396,3),(397,3),(398,3),(399,3),(400,3),(401,3),(402,3),(403,3),(404,3),(405,3),(406,3),(407,3),(408,3),(409,3),(410,3),(411,3),(412,3),(413,3),(414,3),(415,3),(416,3),(417,3),(418,3),(419,3),(420,3),(421,3),(422,3),(423,3),(424,3),(425,3),(426,3),(427,3),(428,3),(429,3),(430,3),(431,3),(432,3),(433,3),(434,3),(435,3),(436,3),(437,3),(438,3),(439,3),(440,3),(441,3),(442,3),(443,3),(444,3),(445,3),(446,3),(447,3),(448,3),(449,3),(450,3),(451,3),(452,3),(453,3),(454,3),(455,3),(456,3),(457,3),(458,3),(11,4),(12,4),(13,4),(14,4),(15,4),(16,4),(17,4),(18,4),(19,4),(20,4),(21,4),(22,4),(23,4),(24,4),(25,4),(26,4),(27,4),(28,4),(29,4),(30,4),(31,4),(32,4),(33,4),(34,4),(35,4),(36,4),(37,4),(38,4),(39,4),(40,4),(41,4),(42,4),(43,4),(44,4),(45,4),(46,4),(47,4),(48,4),(49,4),(50,4),(51,4),(52,4),(53,4),(54,4),(55,4),(56,4),(57,4),(58,4),(59,4),(60,4),(61,4),(62,4),(63,4),(64,4),(65,4),(66,4),(67,4),(68,4),(69,4),(70,4),(71,4),(72,4),(73,4),(74,4),(75,4),(76,4),(77,4),(78,4),(79,4),(80,4),(81,4),(82,4),(83,4),(84,4),(85,4),(86,4),(87,4),(88,4),(89,4),(90,4),(91,4),(92,4),(93,4),(94,4),(95,4),(96,4),(97,4),(98,4),(99,4),(100,4),(101,4),(102,4),(103,4),(104,4),(105,4),(106,4),(107,4),(108,4),(109,4),(110,4),(111,4),(112,4),(113,4),(114,4),(115,4),(116,4),(117,4),(118,4),(119,4),(120,4),(121,4),(122,4),(123,4),(124,4),(125,4),(126,4),(127,4),(128,4),(129,4),(130,4),(131,4),(132,4),(133,4),(134,4),(135,4),(136,4),(137,4),(138,4),(139,4),(140,4),(141,4),(142,4),(143,4),(144,4),(145,4),(146,4),(147,4),(148,4),(149,4),(150,4),(151,4),(152,4),(153,4),(154,4),(155,4),(156,4),(157,4),(158,4),(159,4),(160,4),(161,4),(162,4),(163,4),(164,4),(165,4),(166,4),(167,4),(168,4),(169,4),(170,4),(171,4),(172,4),(173,4),(174,4),(175,4),(176,4),(177,4),(178,4),(179,4),(180,4),(181,4),(182,4),(183,4),(184,4),(185,4),(186,4),(187,4),(188,4),(189,4),(190,4),(191,4),(192,4),(193,4),(194,4),(195,4),(196,4),(197,4),(198,4),(199,4),(200,4),(201,4),(202,4),(203,4),(204,4),(205,4),(206,4),(207,4),(208,4),(209,4),(210,4),(211,4),(212,4),(213,4),(214,4),(215,4),(216,4),(217,4),(218,4),(219,4),(220,4),(221,4),(222,4),(223,4),(224,4),(225,4),(226,4),(227,4),(228,4),(229,4),(230,4),(231,4),(232,4),(233,4),(234,4),(235,4),(236,4),(237,4),(238,4),(239,4),(240,4),(241,4),(242,4),(243,4),(244,4),(245,4),(246,4),(247,4),(248,4),(249,4),(250,4),(251,4),(252,4),(253,4),(254,4),(255,4),(256,4),(257,4),(258,4),(259,4),(260,4),(261,4),(262,4),(263,4),(264,4),(265,4),(266,4),(267,4),(268,4),(269,4),(270,4),(271,4),(272,4),(273,4),(274,4),(275,4),(276,4),(277,4),(278,4),(279,4),(280,4),(281,4),(282,4),(283,4),(284,4),(285,4),(286,4),(287,4),(288,4),(289,4),(290,4),(291,4),(292,4),(293,4),(294,4),(295,4),(296,4),(297,4),(298,4),(299,4),(300,4),(301,4),(302,4),(303,4),(304,4),(305,4),(306,4),(307,4),(308,4),(309,4),(310,4),(311,4),(312,4),(313,4),(314,4),(315,4),(316,4),(317,4),(318,4),(319,4),(320,4),(321,4),(322,4),(323,4),(324,4),(325,4),(326,4),(327,4),(328,4),(329,4),(330,4),(331,4),(332,4),(333,4),(334,4),(335,4),(336,4),(337,4),(338,4),(339,4),(340,4),(341,4),(342,4),(343,4),(344,4),(345,4),(346,4),(347,4),(348,4),(349,4),(350,4),(351,4),(352,4),(353,4),(354,4),(355,4),(356,4),(357,4),(358,4),(359,4),(360,4),(361,4),(362,4),(363,4),(364,4),(365,4),(366,4),(367,4),(368,4),(369,4),(370,4),(371,4),(372,4),(373,4),(374,4),(375,4),(376,4),(377,4),(378,4),(379,4),(380,4),(381,4),(382,4),(383,4),(384,4),(385,4),(386,4),(387,4),(388,4),(389,4),(390,4),(391,4),(392,4),(393,4),(394,4),(395,4),(396,4),(397,4),(398,4),(399,4),(400,4),(401,4),(402,4),(403,4),(404,4),(405,4),(406,4),(407,4),(408,4),(409,4),(410,4),(411,4),(412,4),(413,4),(414,4),(415,4),(416,4),(417,4),(418,4),(419,4),(420,4),(421,4),(422,4),(423,4),(424,4),(425,4),(426,4),(427,4),(428,4),(429,4),(430,4),(431,4),(432,4),(433,4),(434,4),(435,4),(436,4),(437,4),(438,4),(439,4),(440,4),(441,4),(442,4),(443,4),(444,4),(445,4),(446,4),(447,4),(448,4),(449,4),(450,4),(451,4),(452,4),(453,4),(454,4),(455,4),(456,4),(457,4),(458,4),(1,5),(2,5),(3,5),(4,5),(5,5),(6,5),(7,5),(8,5),(9,5),(10,5),(11,5),(12,5),(13,5),(14,5),(15,5),(16,5),(17,5),(18,5),(19,5),(20,5),(21,5),(22,5),(23,5),(24,5),(25,5),(26,5),(27,5),(28,5),(29,5),(30,5),(31,5),(32,5),(33,5),(34,5),(35,5),(36,5),(37,5),(38,5),(39,5),(40,5),(41,5),(42,5),(43,5),(44,5),(45,5),(46,5),(47,5),(48,5),(49,5),(50,5),(51,5),(52,5),(53,5),(54,5),(55,5),(56,5),(57,5),(58,5),(59,5),(60,5),(61,5),(62,5),(63,5),(64,5),(65,5),(66,5),(67,5),(68,5),(69,5),(70,5),(71,5),(72,5),(73,5),(74,5),(75,5),(76,5),(77,5),(78,5),(79,5),(80,5),(81,5),(82,5),(83,5),(84,5),(85,5),(86,5),(87,5),(88,5),(89,5),(90,5),(91,5),(92,5),(93,5),(94,5),(95,5),(96,5),(97,5),(98,5),(99,5),(100,5),(101,5),(102,5),(103,5),(104,5),(105,5),(106,5),(107,5),(108,5),(109,5),(110,5),(111,5),(112,5),(113,5),(114,5),(115,5),(116,5),(117,5),(118,5),(119,5),(120,5),(121,5),(122,5),(123,5),(124,5),(125,5),(126,5),(127,5),(128,5),(129,5),(130,5),(131,5),(132,5),(133,5),(134,5),(135,5),(136,5),(137,5),(138,5),(139,5),(140,5),(141,5),(142,5),(143,5),(144,5),(145,5),(146,5),(147,5),(148,5),(149,5),(150,5),(151,5),(152,5),(153,5),(154,5),(155,5),(156,5),(157,5),(158,5),(159,5),(160,5),(161,5),(162,5),(163,5),(164,5),(165,5),(166,5),(167,5),(168,5),(169,5),(170,5),(171,5),(172,5),(173,5),(174,5),(175,5),(176,5),(177,5),(178,5),(179,5),(180,5),(181,5),(182,5),(183,5),(184,5),(185,5),(186,5),(187,5),(188,5),(189,5),(190,5),(191,5),(192,5),(193,5),(194,5),(195,5),(196,5),(197,5),(198,5),(199,5),(200,5),(201,5),(202,5),(203,5),(204,5),(205,5),(206,5),(207,5),(208,5),(209,5),(210,5),(211,5),(212,5),(213,5),(214,5),(215,5),(216,5),(217,5),(218,5),(219,5),(220,5),(221,5),(222,5),(223,5),(224,5),(225,5),(226,5),(227,5),(228,5),(229,5),(230,5),(231,5),(232,5),(233,5),(234,5),(235,5),(236,5),(237,5),(238,5),(239,5),(240,5),(241,5),(242,5),(243,5),(244,5),(245,5),(246,5),(247,5),(248,5),(249,5),(250,5),(251,5),(252,5),(253,5),(254,5),(255,5),(256,5),(257,5),(258,5),(259,5),(260,5),(261,5),(262,5),(263,5),(264,5),(265,5),(266,5),(267,5),(268,5),(269,5),(270,5),(271,5),(272,5),(273,5),(274,5),(275,5),(276,5),(277,5),(278,5),(279,5),(280,5),(281,5),(282,5),(283,5),(284,5),(285,5),(286,5),(287,5),(288,5),(289,5),(290,5),(291,5),(292,5),(293,5),(294,5),(295,5),(296,5),(297,5),(298,5),(299,5),(300,5),(301,5),(302,5),(303,5),(304,5),(305,5),(306,5),(307,5),(308,5),(309,5),(310,5),(311,5),(312,5),(313,5),(314,5),(315,5),(316,5),(317,5),(318,5),(319,5),(320,5),(321,5),(322,5),(323,5),(324,5),(325,5),(326,5),(327,5),(328,5),(329,5),(330,5),(331,5),(332,5),(333,5),(334,5),(335,5),(336,5),(337,5),(338,5),(339,5),(340,5),(341,5),(342,5),(343,5),(344,5),(345,5),(346,5),(347,5),(348,5),(349,5),(350,5),(351,5),(352,5),(353,5),(354,5),(355,5),(356,5),(357,5),(358,5),(359,5),(360,5),(361,5),(362,5),(363,5),(364,5),(365,5),(366,5),(367,5),(368,5),(369,5),(370,5),(371,5),(372,5),(373,5),(374,5),(375,5),(376,5),(377,5),(378,5),(379,5),(380,5),(381,5),(382,5),(383,5),(384,5),(385,5),(386,5),(387,5),(388,5),(389,5),(390,5),(391,5),(392,5),(393,5),(394,5),(395,5),(396,5),(397,5),(398,5),(399,5),(400,5),(401,5),(402,5),(403,5),(404,5),(405,5),(406,5),(407,5),(408,5),(409,5),(410,5),(411,5),(412,5),(413,5),(414,5),(415,5),(416,5),(417,5),(418,5),(419,5),(420,5),(421,5),(422,5),(423,5),(424,5),(425,5),(426,5),(427,5),(428,5),(429,5),(430,5),(431,5),(432,5),(433,5),(434,5),(435,5),(436,5),(437,5),(438,5),(439,5),(440,5),(441,5),(442,5),(443,5),(444,5),(445,5),(446,5),(447,5),(448,5),(449,5),(450,5),(451,5),(452,5),(453,5),(454,5),(455,5),(456,5),(457,5),(458,5),(11,6),(12,6),(13,6),(14,6),(15,6),(16,6),(17,6),(18,6),(19,6),(20,6),(21,6),(22,6),(23,6),(24,6),(25,6),(26,6),(27,6),(28,6),(29,6),(30,6),(31,6),(32,6),(33,6),(34,6),(35,6),(36,6),(37,6),(38,6),(39,6),(40,6),(41,6),(42,6),(43,6),(44,6),(45,6),(46,6),(47,6),(48,6),(49,6),(50,6),(51,6),(52,6),(53,6),(54,6),(55,6),(56,6),(57,6),(58,6),(59,6),(60,6),(61,6),(62,6),(63,6),(64,6),(65,6),(66,6),(67,6),(68,6),(69,6),(70,6),(71,6),(72,6),(73,6),(74,6),(75,6),(76,6),(77,6),(78,6),(79,6),(80,6),(81,6),(82,6),(83,6),(84,6),(85,6),(86,6),(87,6),(88,6),(89,6),(90,6),(91,6),(92,6),(93,6),(94,6),(95,6),(96,6),(97,6),(98,6),(99,6),(100,6),(101,6),(102,6),(103,6),(104,6),(105,6),(106,6),(107,6),(108,6),(109,6),(110,6),(111,6),(112,6),(113,6),(114,6),(115,6),(116,6),(117,6),(118,6),(119,6),(120,6),(121,6),(122,6),(123,6),(124,6),(125,6),(126,6),(127,6),(128,6),(129,6),(130,6),(131,6),(132,6),(133,6),(134,6),(135,6),(136,6),(137,6),(138,6),(139,6),(140,6),(141,6),(142,6),(143,6),(144,6),(145,6),(146,6),(147,6),(148,6),(149,6),(150,6),(151,6),(152,6),(153,6),(154,6),(155,6),(156,6),(157,6),(158,6),(159,6),(160,6),(161,6),(162,6),(163,6),(164,6),(165,6),(166,6),(167,6),(168,6),(169,6),(170,6),(171,6),(172,6),(173,6),(174,6),(175,6),(176,6),(177,6),(178,6),(179,6),(180,6),(181,6),(182,6),(183,6),(184,6),(185,6),(186,6),(187,6),(188,6),(189,6),(190,6),(191,6),(192,6),(193,6),(194,6),(195,6),(196,6),(197,6),(198,6),(199,6),(200,6),(201,6),(202,6),(203,6),(204,6),(205,6),(206,6),(207,6),(208,6),(209,6),(210,6),(211,6),(212,6),(213,6),(214,6),(215,6),(216,6),(217,6),(218,6),(219,6),(220,6),(221,6),(222,6),(223,6),(224,6),(225,6),(226,6),(227,6),(228,6),(229,6),(230,6),(231,6),(232,6),(233,6),(234,6),(235,6),(236,6),(237,6),(238,6),(239,6),(240,6),(241,6),(242,6),(243,6),(244,6),(245,6),(246,6),(247,6),(248,6),(249,6),(250,6),(251,6),(252,6),(253,6),(254,6),(255,6),(256,6),(257,6),(258,6),(259,6),(260,6),(261,6),(262,6),(263,6),(264,6),(265,6),(266,6),(267,6),(268,6),(269,6),(270,6),(271,6),(272,6),(273,6),(274,6),(275,6),(276,6),(277,6),(278,6),(279,6),(280,6),(281,6),(282,6),(283,6),(284,6),(285,6),(286,6),(287,6),(288,6),(289,6),(290,6),(291,6),(292,6),(293,6),(294,6),(295,6),(296,6),(297,6),(298,6),(299,6),(300,6),(301,6),(302,6),(303,6),(304,6),(305,6),(306,6),(307,6),(308,6),(309,6),(310,6),(311,6),(312,6),(313,6),(314,6),(315,6),(316,6),(317,6),(318,6),(319,6),(320,6),(321,6),(322,6),(323,6),(324,6),(325,6),(326,6),(327,6),(328,6),(329,6),(330,6),(331,6),(332,6),(333,6),(334,6),(335,6),(336,6),(337,6),(338,6),(339,6),(340,6),(341,6),(342,6),(343,6),(344,6),(345,6),(346,6),(347,6),(348,6),(349,6),(350,6),(351,6),(352,6),(353,6),(354,6),(355,6),(356,6),(357,6),(358,6),(359,6),(360,6),(361,6),(362,6),(363,6),(364,6),(365,6),(366,6),(367,6),(368,6),(369,6),(370,6),(371,6),(372,6),(373,6),(374,6),(375,6),(376,6),(377,6),(378,6),(379,6),(380,6),(381,6),(382,6),(383,6),(384,6),(385,6),(386,6),(387,6),(388,6),(389,6),(390,6),(391,6),(392,6),(393,6),(394,6),(395,6),(396,6),(397,6),(398,6),(399,6),(400,6),(401,6),(402,6),(403,6),(404,6),(405,6),(406,6),(407,6),(408,6),(409,6),(410,6),(411,6),(412,6),(413,6),(414,6),(415,6),(416,6),(417,6),(418,6),(419,6),(420,6),(421,6),(422,6),(423,6),(424,6),(425,6),(426,6),(427,6),(428,6),(429,6),(430,6),(431,6),(432,6),(433,6),(434,6),(435,6),(436,6),(437,6),(438,6),(439,6),(440,6),(441,6),(442,6),(443,6),(444,6),(445,6),(446,6),(447,6),(448,6),(449,6),(450,6),(451,6),(452,6),(453,6),(454,6),(455,6),(456,6),(457,6),(458,6),(11,7),(12,7),(13,7),(14,7),(15,7),(16,7),(17,7),(18,7),(19,7),(20,7),(21,7),(22,7),(23,7),(24,7),(25,7),(26,7),(27,7),(28,7),(29,7),(30,7),(31,7),(32,7),(33,7),(34,7),(35,7),(36,7),(37,7),(38,7),(39,7),(40,7),(41,7),(42,7),(43,7),(44,7),(45,7),(46,7),(47,7),(48,7),(49,7),(50,7),(51,7),(52,7),(53,7),(54,7),(55,7),(56,7),(57,7),(58,7),(59,7),(60,7),(61,7),(62,7),(63,7),(64,7),(65,7),(66,7),(67,7),(68,7),(69,7),(70,7),(71,7),(72,7),(73,7),(74,7),(75,7),(76,7),(77,7),(78,7),(79,7),(80,7),(81,7),(82,7),(83,7),(84,7),(85,7),(86,7),(87,7),(88,7),(89,7),(90,7),(91,7),(92,7),(93,7),(94,7),(95,7),(96,7),(97,7),(98,7),(99,7),(100,7),(101,7),(102,7),(103,7),(104,7),(105,7),(106,7),(107,7),(108,7),(109,7),(110,7),(111,7),(112,7),(113,7),(114,7),(115,7),(116,7),(117,7),(118,7),(119,7),(120,7),(121,7),(122,7),(123,7),(124,7),(125,7),(126,7),(127,7),(128,7),(129,7),(130,7),(131,7),(132,7),(133,7),(134,7),(135,7),(136,7),(137,7),(138,7),(139,7),(140,7),(141,7),(142,7),(143,7),(144,7),(145,7),(146,7),(147,7),(148,7),(149,7),(150,7),(151,7),(152,7),(153,7),(154,7),(155,7),(156,7),(157,7),(158,7),(159,7),(160,7),(161,7),(162,7),(163,7),(164,7),(165,7),(166,7),(167,7),(168,7),(169,7),(170,7),(171,7),(172,7),(173,7),(174,7),(175,7),(176,7),(177,7),(178,7),(179,7),(180,7),(181,7),(182,7),(183,7),(184,7),(185,7),(186,7),(187,7),(188,7),(189,7),(190,7),(191,7),(192,7),(193,7),(194,7),(195,7),(196,7),(197,7),(198,7),(199,7),(200,7),(201,7),(202,7),(203,7),(204,7),(205,7),(206,7),(207,7),(208,7),(209,7),(210,7),(211,7),(212,7),(213,7),(214,7),(215,7),(216,7),(217,7),(218,7),(219,7),(220,7),(221,7),(222,7),(223,7),(224,7),(225,7),(226,7),(227,7),(228,7),(229,7),(230,7),(231,7),(232,7),(233,7),(234,7),(235,7),(236,7),(237,7),(238,7),(239,7),(240,7),(241,7),(242,7),(243,7),(244,7),(245,7),(246,7),(247,7),(248,7),(249,7),(250,7),(251,7),(252,7),(253,7),(254,7),(255,7),(256,7),(257,7),(258,7),(259,7),(260,7),(261,7),(262,7),(263,7),(264,7),(265,7),(266,7),(267,7),(268,7),(269,7),(270,7),(271,7),(272,7),(273,7),(274,7),(275,7),(276,7),(277,7),(278,7),(279,7),(280,7),(281,7),(282,7),(283,7),(284,7),(285,7),(286,7),(287,7),(288,7),(289,7),(290,7),(291,7),(292,7),(293,7),(294,7),(295,7),(296,7),(297,7),(298,7),(299,7),(300,7),(301,7),(302,7),(303,7),(304,7),(305,7),(306,7),(307,7),(308,7),(309,7),(310,7),(311,7),(312,7),(313,7),(314,7),(315,7),(316,7),(317,7),(318,7),(319,7),(320,7),(321,7),(322,7),(323,7),(324,7),(325,7),(326,7),(327,7),(328,7),(329,7),(330,7),(331,7),(332,7),(333,7),(334,7),(335,7),(336,7),(337,7),(338,7),(339,7),(340,7),(341,7),(342,7),(343,7),(344,7),(345,7),(346,7),(347,7),(348,7),(349,7),(350,7),(351,7),(352,7),(353,7),(354,7),(355,7),(356,7),(357,7),(358,7),(359,7),(360,7),(361,7),(362,7),(363,7),(364,7),(365,7),(366,7),(367,7),(368,7),(369,7),(370,7),(371,7),(372,7),(373,7),(374,7),(375,7),(376,7),(377,7),(378,7),(379,7),(380,7),(381,7),(382,7),(383,7),(384,7),(385,7),(386,7),(387,7),(388,7),(389,7),(390,7),(391,7),(392,7),(393,7),(394,7),(395,7),(396,7),(397,7),(398,7),(399,7),(400,7),(401,7),(402,7),(403,7),(404,7),(405,7),(406,7),(407,7),(408,7),(409,7),(410,7),(411,7),(412,7),(413,7),(414,7),(415,7),(416,7),(417,7),(418,7),(419,7),(420,7),(421,7),(422,7),(423,7),(424,7),(425,7),(426,7),(427,7),(428,7),(429,7),(430,7),(431,7),(432,7),(433,7),(434,7),(435,7),(436,7),(437,7),(438,7),(439,7),(440,7),(441,7),(442,7),(443,7),(444,7),(445,7),(446,7),(447,7),(448,7),(449,7),(450,7),(451,7),(452,7),(453,7),(454,7),(455,7),(456,7),(457,7),(458,7),(272,8),(273,8),(276,8),(277,8),(279,8),(280,8),(281,8),(282,8),(283,8),(284,8),(285,8),(289,8),(297,8),(302,8),(303,8),(305,8),(306,8),(308,8),(312,8),(314,8),(315,8),(316,8),(318,8),(319,8),(320,8),(322,8),(324,8),(325,8),(327,8),(328,8),(330,8),(334,8),(336,8),(337,8),(338,8),(339,8),(340,8),(341,8),(342,8),(346,8),(347,8),(348,8),(351,8),(354,8),(357,8),(360,8),(362,8),(363,8),(367,8),(368,8),(369,8),(371,8),(373,8),(374,8),(375,8),(377,8),(378,8),(379,8),(381,8),(382,8),(384,8),(386,8),(389,8),(394,8),(396,8),(400,8),(401,8),(402,8),(403,8),(406,8),(408,8),(409,8),(411,8),(415,8),(417,8),(418,8),(420,8),(422,8),(427,8),(429,8),(430,8),(432,8),(433,8),(434,8),(436,8),(440,8),(444,8),(449,8),(453,8),(457,8),(458,8),(1,9),(2,9),(3,9),(4,9),(5,9),(6,9),(7,9),(8,9),(9,9),(10,9),(11,9),(12,9),(13,9),(14,9),(15,9),(16,9),(17,9),(18,9),(19,9),(20,9),(21,9),(22,9),(23,9),(24,9),(25,9),(26,9),(27,9),(28,9),(29,9),(30,9),(31,9),(32,9),(33,9),(34,9),(35,9),(36,9),(37,9),(38,9),(39,9),(40,9),(41,9),(42,9),(43,9),(44,9),(45,9),(46,9),(47,9),(48,9),(49,9),(50,9),(51,9),(52,9),(53,9),(54,9),(55,9),(56,9),(57,9),(58,9),(59,9),(60,9),(61,9),(62,9),(63,9),(65,9),(66,9),(67,9),(68,9),(69,9),(70,9),(71,9),(72,9),(73,9),(74,9),(75,9),(76,9),(77,9),(78,9),(79,9),(80,9),(81,9),(82,9),(83,9),(84,9),(85,9),(86,9),(87,9),(88,9),(89,9),(90,9),(91,9),(92,9),(93,9),(94,9),(95,9),(96,9),(98,9),(99,9),(100,9),(101,9),(102,9),(103,9),(104,9),(105,9),(106,9),(107,9),(108,9),(109,9),(110,9),(111,9),(112,9),(113,9),(114,9),(115,9),(116,9),(117,9),(118,9),(119,9),(120,9),(121,9),(122,9),(123,9),(124,9),(125,9),(126,9),(127,9),(128,9),(129,9),(130,9),(131,9),(132,9),(133,9),(134,9),(135,9),(136,9),(137,9),(138,9),(139,9),(140,9),(141,9),(142,9),(143,9),(144,9),(145,9),(146,9),(147,9),(148,9),(149,9),(150,9),(151,9),(152,9),(153,9),(154,9),(155,9),(156,9),(157,9),(158,9),(159,9),(160,9),(161,9),(162,9),(163,9),(164,9),(165,9),(166,9),(167,9),(168,9),(169,9),(170,9),(171,9),(172,9),(173,9),(174,9),(175,9),(176,9),(177,9),(178,9),(179,9),(180,9),(181,9),(182,9),(183,9),(184,9),(185,9),(186,9),(187,9),(188,9),(189,9),(190,9),(191,9),(192,9),(193,9),(194,9),(195,9),(196,9),(197,9),(198,9),(199,9),(201,9),(202,9),(203,9),(205,9),(206,9),(207,9),(208,9),(209,9),(210,9),(211,9),(212,9),(213,9),(214,9),(215,9),(216,9),(217,9),(218,9),(219,9),(220,9),(221,9),(222,9),(223,9),(224,9),(225,9),(226,9),(227,9),(228,9),(229,9),(230,9),(231,9),(232,9),(233,9),(234,9),(235,9),(236,9),(237,9),(238,9),(239,9),(240,9),(241,9),(242,9),(243,9),(244,9),(245,9),(246,9),(247,9),(248,9),(249,9),(250,9),(251,9),(252,9),(254,9),(255,9),(256,9),(257,9),(258,9),(259,9),(260,9),(261,9),(262,9),(263,9),(264,9),(265,9),(266,9),(267,9),(268,9),(269,9),(270,9),(272,9),(273,9),(274,9),(275,9),(276,9),(277,9),(278,9),(279,9),(280,9),(281,9),(282,9),(283,9),(284,9),(285,9),(286,9),(287,9),(288,9),(289,9),(290,9),(291,9),(292,9),(293,9),(294,9),(295,9),(296,9),(298,9),(299,9),(300,9),(301,9),(303,9),(304,9),(305,9),(306,9),(307,9),(308,9),(309,9),(310,9),(311,9),(312,9),(313,9),(314,9),(315,9),(316,9),(317,9),(318,9),(319,9),(320,9),(321,9),(322,9),(323,9),(324,9),(325,9),(326,9),(327,9),(328,9),(329,9),(330,9),(331,9),(332,9),(333,9),(334,9),(335,9),(336,9),(337,9),(338,9),(339,9),(340,9),(341,9),(342,9),(343,9),(344,9),(345,9),(346,9),(347,9),(348,9),(349,9),(350,9),(351,9),(352,9),(353,9),(354,9),(355,9),(356,9),(357,9),(358,9),(359,9),(360,9),(361,9),(362,9),(363,9),(364,9),(365,9),(366,9),(367,9),(368,9),(369,9),(370,9),(371,9),(372,9),(373,9),(374,9),(375,9),(376,9),(377,9),(378,9),(379,9),(380,9),(381,9),(382,9),(383,9),(384,9),(385,9),(386,9),(387,9),(388,9),(389,9),(390,9),(391,9),(392,9),(393,9),(394,9),(395,9),(396,9),(397,9),(398,9),(399,9),(400,9),(401,9),(402,9),(403,9),(404,9),(405,9),(406,9),(407,9),(408,9),(409,9),(410,9),(411,9),(412,9),(413,9),(414,9),(415,9),(416,9),(417,9),(418,9),(419,9),(420,9),(421,9),(422,9),(423,9),(424,9),(425,9),(426,9),(427,9),(428,9),(429,9),(430,9),(431,9),(432,9),(433,9),(434,9),(435,9),(436,9),(438,9),(439,9),(440,9),(441,9),(442,9),(443,9),(444,9),(445,9),(446,9),(448,9),(449,9),(450,9),(451,9),(452,9),(453,9),(454,9),(455,9),(456,9),(457,9),(458,9),(1,10),(2,10),(3,10),(4,10),(5,10),(6,10),(7,10),(8,10),(9,10),(10,10),(11,10),(12,10),(13,10),(14,10),(15,10),(16,10),(17,10),(18,10),(19,10),(20,10),(21,10),(22,10),(23,10),(24,10),(25,10),(26,10),(27,10),(28,10),(29,10),(30,10),(31,10),(32,10),(33,10),(34,10),(35,10),(36,10),(37,10),(38,10),(39,10),(40,10),(41,10),(42,10),(43,10),(44,10),(45,10),(46,10),(47,10),(48,10),(49,10),(50,10),(51,10),(52,10),(53,10),(54,10),(55,10),(56,10),(57,10),(58,10),(59,10),(60,10),(61,10),(62,10),(63,10),(64,10),(65,10),(66,10),(67,10),(68,10),(69,10),(70,10),(71,10),(72,10),(73,10),(74,10),(75,10),(76,10),(77,10),(78,10),(79,10),(80,10),(81,10),(82,10),(83,10),(84,10),(85,10),(86,10),(87,10),(88,10),(89,10),(90,10),(91,10),(92,10),(93,10),(94,10),(95,10),(96,10),(97,10),(98,10),(99,10),(100,10),(101,10),(102,10),(103,10),(104,10),(105,10),(106,10),(107,10),(108,10),(109,10),(110,10),(111,10),(112,10),(113,10),(114,10),(115,10),(116,10),(117,10),(118,10),(119,10),(120,10),(121,10),(122,10),(123,10),(124,10),(125,10),(126,10),(127,10),(128,10),(129,10),(130,10),(131,10),(132,10),(133,10),(134,10),(135,10),(136,10),(137,10),(138,10),(139,10),(140,10),(141,10),(142,10),(143,10),(144,10),(145,10),(146,10),(147,10),(148,10),(149,10),(150,10),(151,10),(152,10),(153,10),(154,10),(155,10),(156,10),(157,10),(158,10),(159,10),(160,10),(161,10),(162,10),(163,10),(164,10),(165,10),(166,10),(167,10),(168,10),(169,10),(170,10),(171,10),(172,10),(173,10),(174,10),(175,10),(176,10),(177,10),(178,10),(179,10),(180,10),(181,10),(182,10),(183,10),(184,10),(185,10),(186,10),(187,10),(188,10),(189,10),(190,10),(191,10),(192,10),(193,10),(194,10),(195,10),(196,10),(197,10),(198,10),(199,10),(200,10),(201,10),(202,10),(203,10),(204,10),(205,10),(206,10),(207,10),(208,10),(209,10),(210,10),(211,10),(212,10),(213,10),(214,10),(215,10),(216,10),(217,10),(218,10),(219,10),(220,10),(221,10),(222,10),(223,10),(224,10),(225,10),(226,10),(227,10),(228,10),(229,10),(230,10),(231,10),(232,10),(233,10),(234,10),(235,10),(236,10),(237,10),(238,10),(239,10),(240,10),(241,10),(242,10),(243,10),(244,10),(245,10),(246,10),(247,10),(248,10),(249,10),(250,10),(251,10),(252,10),(253,10),(254,10),(255,10),(256,10),(257,10),(258,10),(259,10),(260,10),(261,10),(262,10),(263,10),(264,10),(265,10),(266,10),(267,10),(268,10),(269,10),(270,10),(271,10),(272,10),(273,10),(274,10),(275,10),(276,10),(277,10),(278,10),(279,10),(280,10),(281,10),(282,10),(283,10),(284,10),(285,10),(286,10),(287,10),(288,10),(289,10),(290,10),(291,10),(292,10),(293,10),(294,10),(295,10),(296,10),(297,10),(298,10),(299,10),(300,10),(301,10),(302,10),(303,10),(304,10),(305,10),(306,10),(307,10),(308,10),(309,10),(310,10),(311,10),(312,10),(313,10),(314,10),(315,10),(316,10),(317,10),(318,10),(319,10),(320,10),(321,10),(322,10),(323,10),(324,10),(325,10),(326,10),(327,10),(328,10),(329,10),(330,10),(331,10),(332,10),(333,10),(334,10),(335,10),(336,10),(337,10),(338,10),(339,10),(340,10),(341,10),(342,10),(343,10),(344,10),(345,10),(346,10),(347,10),(348,10),(349,10),(350,10),(351,10),(352,10),(353,10),(354,10),(355,10),(356,10),(357,10),(358,10),(359,10),(360,10),(361,10),(362,10),(363,10),(364,10),(365,10),(366,10),(367,10),(368,10),(369,10),(370,10),(371,10),(372,10),(373,10),(374,10),(375,10),(376,10),(377,10),(378,10),(379,10),(380,10),(381,10),(382,10),(383,10),(384,10),(385,10),(386,10),(387,10),(388,10),(389,10),(390,10),(391,10),(392,10),(393,10),(394,10),(395,10),(396,10),(397,10),(398,10),(399,10),(400,10),(401,10),(402,10),(403,10),(404,10),(405,10),(406,10),(407,10),(408,10),(409,10),(410,10),(411,10),(412,10),(413,10),(414,10),(415,10),(416,10),(417,10),(418,10),(419,10),(420,10),(421,10),(422,10),(423,10),(424,10),(425,10),(426,10),(427,10),(428,10),(429,10),(430,10),(431,10),(432,10),(433,10),(434,10),(435,10),(436,10),(437,10),(438,10),(439,10),(440,10),(441,10),(442,10),(443,10),(444,10),(445,10),(446,10),(447,10),(448,10),(449,10),(450,10),(451,10),(452,10),(453,10),(454,10),(455,10),(456,10),(457,10),(458,10),(1,11),(2,11),(3,11),(4,11),(5,11),(6,11),(7,11),(8,11),(9,11),(10,11),(11,11),(12,11),(13,11),(14,11),(15,11),(16,11),(17,11),(18,11),(19,11),(20,11),(21,11),(22,11),(23,11),(24,11),(25,11),(26,11),(27,11),(28,11),(29,11),(30,11),(31,11),(32,11),(33,11),(34,11),(35,11),(36,11),(37,11),(38,11),(39,11),(40,11),(41,11),(42,11),(43,11),(44,11),(45,11),(46,11),(47,11),(48,11),(49,11),(50,11),(51,11),(52,11),(53,11),(54,11),(55,11),(56,11),(57,11),(58,11),(59,11),(60,11),(61,11),(62,11),(63,11),(64,11),(65,11),(66,11),(67,11),(68,11),(69,11),(70,11),(71,11),(72,11),(73,11),(74,11),(75,11),(76,11),(77,11),(78,11),(79,11),(80,11),(81,11),(82,11),(83,11),(84,11),(85,11),(86,11),(87,11),(88,11),(89,11),(90,11),(91,11),(92,11),(93,11),(94,11),(95,11),(96,11),(97,11),(98,11),(99,11),(100,11),(101,11),(102,11),(103,11),(104,11),(105,11),(106,11),(107,11),(108,11),(109,11),(110,11),(111,11),(112,11),(113,11),(114,11),(115,11),(116,11),(117,11),(118,11),(119,11),(120,11),(121,11),(122,11),(123,11),(124,11),(125,11),(126,11),(127,11),(128,11),(129,11),(130,11),(131,11),(132,11),(133,11),(134,11),(135,11),(136,11),(137,11),(138,11),(139,11),(140,11),(141,11),(142,11),(143,11),(144,11),(145,11),(146,11),(147,11),(148,11),(149,11),(150,11),(151,11),(152,11),(153,11),(154,11),(155,11),(156,11),(157,11),(158,11),(159,11),(160,11),(161,11),(162,11),(163,11),(164,11),(165,11),(166,11),(167,11),(168,11),(169,11),(170,11),(171,11),(172,11),(173,11),(174,11),(175,11),(176,11),(177,11),(178,11),(179,11),(180,11),(181,11),(182,11),(183,11),(184,11),(185,11),(186,11),(187,11),(188,11),(189,11),(190,11),(191,11),(192,11),(193,11),(194,11),(195,11),(196,11),(197,11),(198,11),(199,11),(200,11),(201,11),(202,11),(203,11),(204,11),(205,11),(206,11),(207,11),(208,11),(209,11),(210,11),(211,11),(212,11),(213,11),(214,11),(215,11),(216,11),(217,11),(218,11),(219,11),(220,11),(221,11),(222,11),(223,11),(224,11),(225,11),(226,11),(227,11),(228,11),(229,11),(230,11),(231,11),(232,11),(233,11),(234,11),(235,11),(236,11),(237,11),(238,11),(239,11),(240,11),(241,11),(242,11),(243,11),(244,11),(245,11),(246,11),(247,11),(248,11),(249,11),(250,11),(251,11),(252,11),(253,11),(254,11),(255,11),(256,11),(257,11),(258,11),(259,11),(260,11),(261,11),(262,11),(263,11),(264,11),(265,11),(266,11),(267,11),(268,11),(269,11),(270,11),(271,11),(272,11),(273,11),(274,11),(275,11),(276,11),(277,11),(278,11),(279,11),(280,11),(281,11),(282,11),(283,11),(284,11),(285,11),(286,11),(287,11),(288,11),(289,11),(290,11),(291,11),(292,11),(293,11),(294,11),(295,11),(296,11),(297,11),(298,11),(299,11),(300,11),(301,11),(302,11),(303,11),(304,11),(305,11),(306,11),(307,11),(308,11),(309,11),(310,11),(311,11),(312,11),(313,11),(314,11),(315,11),(316,11),(317,11),(318,11),(319,11),(320,11),(321,11),(322,11),(323,11),(324,11),(325,11),(326,11),(327,11),(328,11),(329,11),(330,11),(331,11),(332,11),(333,11),(334,11),(335,11),(336,11),(337,11),(338,11),(339,11),(340,11),(341,11),(342,11),(343,11),(344,11),(345,11),(346,11),(347,11),(348,11),(349,11),(350,11),(351,11),(352,11),(353,11),(354,11),(355,11),(356,11),(357,11),(358,11),(359,11),(360,11),(361,11),(362,11),(363,11),(364,11),(365,11),(366,11),(367,11),(368,11),(369,11),(370,11),(371,11),(372,11),(373,11),(374,11),(375,11),(376,11),(377,11),(378,11),(379,11),(380,11),(381,11),(382,11),(383,11),(384,11),(385,11),(386,11),(387,11),(388,11),(389,11),(390,11),(391,11),(392,11),(393,11),(394,11),(395,11),(396,11),(397,11),(398,11),(399,11),(400,11),(401,11),(402,11),(403,11),(404,11),(405,11),(406,11),(407,11),(408,11),(409,11),(410,11),(411,11),(412,11),(413,11),(414,11),(415,11),(416,11),(417,11),(418,11),(419,11),(420,11),(421,11),(422,11),(423,11),(424,11),(425,11),(426,11),(427,11),(428,11),(429,11),(430,11),(431,11),(432,11),(433,11),(434,11),(435,11),(436,11),(437,11),(438,11),(439,11),(440,11),(441,11),(442,11),(443,11),(444,11),(445,11),(446,11),(447,11),(448,11),(449,11),(450,11),(451,11),(452,11),(453,11),(454,11),(455,11),(456,11),(457,11),(458,11),(1,12),(2,12),(4,12),(5,12),(6,12),(7,12),(8,12),(9,12),(11,12),(12,12),(13,12),(14,12),(15,12),(18,12),(19,12),(20,12),(23,12),(24,12),(25,12),(26,12),(27,12),(29,12),(30,12),(31,12),(32,12),(33,12),(34,12),(35,12),(36,12),(37,12),(38,12),(39,12),(40,12),(41,12),(42,12),(43,12),(46,12),(47,12),(48,12),(49,12),(50,12),(51,12),(52,12),(53,12),(54,12),(55,12),(58,12),(59,12),(60,12),(61,12),(62,12),(63,12),(65,12),(66,12),(67,12),(68,12),(69,12),(70,12),(71,12),(72,12),(73,12),(74,12),(75,12),(76,12),(77,12),(78,12),(80,12),(81,12),(82,12),(83,12),(84,12),(86,12),(87,12),(88,12),(89,12),(90,12),(91,12),(92,12),(93,12),(95,12),(97,12),(98,12),(99,12),(100,12),(101,12),(102,12),(103,12),(104,12),(105,12),(106,12),(107,12),(109,12),(110,12),(111,12),(113,12),(114,12),(115,12),(116,12),(118,12),(119,12),(121,12),(123,12),(124,12),(126,12),(127,12),(128,12),(129,12),(130,12),(131,12),(133,12),(134,12),(135,12),(136,12),(138,12),(139,12),(140,12),(141,12),(142,12),(143,12),(144,12),(145,12),(146,12),(148,12),(149,12),(150,12),(151,12),(152,12),(154,12),(155,12),(157,12),(158,12),(159,12),(160,12),(162,12),(163,12),(164,12),(166,12),(167,12),(169,12),(170,12),(171,12),(172,12),(173,12),(174,12),(177,12),(178,12),(179,12),(181,12),(182,12),(183,12),(184,12),(185,12),(186,12),(187,12),(188,12),(189,12),(190,12),(191,12),(192,12),(193,12),(194,12),(195,12),(196,12),(197,12),(198,12),(199,12),(200,12),(201,12),(202,12),(203,12),(204,12),(205,12),(206,12),(207,12),(209,12),(210,12),(211,12),(212,12),(213,12),(214,12),(215,12),(216,12),(217,12),(218,12),(219,12),(220,12),(221,12),(223,12),(224,12),(225,12),(226,12),(228,12),(229,12),(230,12),(231,12),(232,12),(233,12),(234,12),(235,12),(236,12),(237,12),(238,12),(239,12),(240,12),(241,12),(242,12),(243,12),(244,12),(245,12),(246,12),(247,12),(248,12),(249,12),(251,12),(252,12),(253,12),(254,12),(255,12),(256,12),(257,12),(258,12),(259,12),(260,12),(261,12),(262,12),(263,12),(264,12),(265,12),(266,12),(267,12),(268,12),(269,12),(270,12),(271,12),(272,12),(273,12),(275,12),(276,12),(277,12),(278,12),(279,12),(280,12),(281,12),(284,12),(285,12),(286,12),(287,12),(288,12),(289,12),(290,12),(292,12),(293,12),(294,12),(295,12),(296,12),(297,12),(298,12),(299,12),(300,12),(301,12),(302,12),(303,12),(304,12),(305,12),(306,12),(307,12),(308,12),(309,12),(310,12),(311,12),(313,12),(314,12),(315,12),(316,12),(317,12),(318,12),(319,12),(320,12),(321,12),(322,12),(323,12),(324,12),(326,12),(327,12),(328,12),(329,12),(330,12),(332,12),(333,12),(334,12),(336,12),(337,12),(338,12),(339,12),(340,12),(341,12),(342,12),(343,12),(344,12),(346,12),(347,12),(348,12),(349,12),(350,12),(351,12),(352,12),(353,12),(354,12),(355,12),(356,12),(357,12),(358,12),(359,12),(360,12),(361,12),(362,12),(363,12),(364,12),(365,12),(366,12),(367,12),(368,12),(369,12),(370,12),(372,12),(373,12),(374,12),(375,12),(376,12),(378,12),(379,12),(380,12),(381,12),(382,12),(383,12),(384,12),(385,12),(386,12),(387,12),(390,12),(391,12),(392,12),(393,12),(395,12),(396,12),(398,12),(399,12),(400,12),(401,12),(402,12),(403,12),(404,12),(405,12),(407,12),(408,12),(409,12),(410,12),(411,12),(412,12),(413,12),(414,12),(415,12),(416,12),(417,12),(418,12),(419,12),(420,12),(421,12),(422,12),(423,12),(424,12),(425,12),(427,12),(428,12),(429,12),(430,12),(431,12),(432,12),(433,12),(435,12),(436,12),(437,12),(438,12),(439,12),(440,12),(441,12),(442,12),(443,12),(444,12),(446,12),(449,12),(450,12),(451,12),(454,12),(455,12),(456,12),(457,12),(1,13),(2,13),(4,13),(5,13),(6,13),(7,13),(8,13),(9,13),(10,13),(11,13),(12,13),(14,13),(15,13),(16,13),(17,13),(18,13),(19,13),(20,13),(21,13),(22,13),(23,13),(24,13),(25,13),(26,13),(27,13),(28,13),(30,13),(31,13),(32,13),(33,13),(34,13),(35,13),(36,13),(38,13),(39,13),(40,13),(41,13),(42,13),(44,13),(45,13),(46,13),(47,13),(48,13),(49,13),(50,13),(52,13),(53,13),(54,13),(55,13),(56,13),(57,13),(58,13),(59,13),(60,13),(61,13),(62,13),(63,13),(64,13),(65,13),(66,13),(67,13),(68,13),(69,13),(70,13),(71,13),(73,13),(74,13),(75,13),(76,13),(77,13),(78,13),(79,13),(80,13),(81,13),(82,13),(83,13),(84,13),(85,13),(86,13),(87,13),(88,13),(89,13),(90,13),(91,13),(92,13),(94,13),(95,13),(96,13),(97,13),(98,13),(99,13),(100,13),(101,13),(102,13),(103,13),(104,13),(105,13),(106,13),(107,13),(108,13),(109,13),(110,13),(111,13),(112,13),(113,13),(114,13),(115,13),(116,13),(117,13),(118,13),(119,13),(120,13),(121,13),(122,13),(123,13),(124,13),(125,13),(127,13),(128,13),(129,13),(130,13),(131,13),(132,13),(133,13),(134,13),(135,13),(136,13),(137,13),(138,13),(139,13),(140,13),(141,13),(142,13),(143,13),(144,13),(145,13),(146,13),(147,13),(148,13),(149,13),(150,13),(151,13),(152,13),(153,13),(155,13),(156,13),(157,13),(158,13),(159,13),(160,13),(161,13),(162,13),(163,13),(164,13),(165,13),(166,13),(167,13),(168,13),(169,13),(170,13),(171,13),(173,13),(174,13),(176,13),(178,13),(179,13),(180,13),(182,13),(183,13),(184,13),(185,13),(186,13),(187,13),(188,13),(189,13),(190,13),(191,13),(192,13),(193,13),(194,13),(195,13),(196,13),(197,13),(198,13),(199,13),(200,13),(201,13),(202,13),(203,13),(204,13),(205,13),(206,13),(208,13),(209,13),(210,13),(211,13),(212,13),(213,13),(214,13),(215,13),(216,13),(217,13),(218,13),(219,13),(220,13),(221,13),(222,13),(223,13),(224,13),(225,13),(226,13),(227,13),(228,13),(229,13),(230,13),(231,13),(232,13),(233,13),(235,13),(236,13),(237,13),(238,13),(240,13),(241,13),(242,13),(243,13),(244,13),(246,13),(247,13),(248,13),(249,13),(250,13),(251,13),(252,13),(253,13),(255,13),(256,13),(257,13),(258,13),(259,13),(261,13),(262,13),(263,13),(265,13),(266,13),(267,13),(268,13),(269,13),(270,13),(272,13),(274,13),(275,13),(276,13),(277,13),(279,13),(280,13),(281,13),(282,13),(283,13),(285,13),(286,13),(287,13),(288,13),(289,13),(290,13),(292,13),(293,13),(294,13),(296,13),(297,13),(298,13),(299,13),(300,13),(302,13),(303,13),(304,13),(305,13),(306,13),(307,13),(308,13),(310,13),(313,13),(315,13),(316,13),(317,13),(318,13),(319,13),(320,13),(321,13),(322,13),(323,13),(324,13),(325,13),(326,13),(327,13),(329,13),(330,13),(331,13),(332,13),(334,13),(335,13),(336,13),(337,13),(338,13),(340,13),(341,13),(342,13),(343,13),(344,13),(345,13),(346,13),(347,13),(348,13),(349,13),(350,13),(351,13),(352,13),(353,13),(354,13),(355,13),(357,13),(358,13),(359,13),(360,13),(361,13),(362,13),(363,13),(364,13),(365,13),(366,13),(367,13),(368,13),(369,13),(370,13),(371,13),(372,13),(373,13),(374,13),(375,13),(376,13),(377,13),(378,13),(379,13),(380,13),(381,13),(382,13),(383,13),(384,13),(385,13),(386,13),(387,13),(388,13),(389,13),(390,13),(391,13),(392,13),(393,13),(394,13),(395,13),(396,13),(397,13),(398,13),(399,13),(400,13),(402,13),(405,13),(406,13),(407,13),(408,13),(409,13),(410,13),(411,13),(412,13),(413,13),(415,13),(416,13),(417,13),(418,13),(419,13),(420,13),(421,13),(423,13),(424,13),(425,13),(426,13),(427,13),(428,13),(429,13),(430,13),(431,13),(432,13),(433,13),(434,13),(436,13),(438,13),(439,13),(440,13),(441,13),(442,13),(443,13),(444,13),(445,13),(446,13),(448,13),(449,13),(450,13),(451,13),(452,13),(453,13),(454,13),(455,13),(456,13),(457,13),(458,13),(1,14),(2,14),(3,14),(4,14),(5,14),(6,14),(7,14),(8,14),(9,14),(10,14),(11,14),(12,14),(13,14),(14,14),(15,14),(16,14),(17,14),(18,14),(19,14),(20,14),(21,14),(22,14),(23,14),(24,14),(25,14),(26,14),(27,14),(28,14),(29,14),(30,14),(31,14),(32,14),(33,14),(34,14),(35,14),(36,14),(37,14),(38,14),(39,14),(40,14),(41,14),(42,14),(43,14),(44,14),(45,14),(46,14),(47,14),(48,14),(49,14),(50,14),(51,14),(52,14),(53,14),(54,14),(55,14),(56,14),(57,14),(58,14),(59,14),(60,14),(61,14),(62,14),(63,14),(64,14),(65,14),(66,14),(67,14),(68,14),(69,14),(70,14),(71,14),(72,14),(73,14),(74,14),(75,14),(76,14),(77,14),(78,14),(79,14),(80,14),(81,14),(82,14),(83,14),(84,14),(85,14),(86,14),(87,14),(88,14),(89,14),(90,14),(91,14),(92,14),(93,14),(94,14),(95,14),(96,14),(97,14),(98,14),(99,14),(100,14),(101,14),(102,14),(103,14),(104,14),(105,14),(106,14),(107,14),(108,14),(109,14),(110,14),(111,14),(112,14),(113,14),(114,14),(115,14),(116,14),(117,14),(118,14),(119,14),(120,14),(121,14),(122,14),(123,14),(124,14),(125,14),(126,14),(127,14),(128,14),(129,14),(130,14),(131,14),(132,14),(133,14),(134,14),(135,14),(136,14),(137,14),(138,14),(139,14),(140,14),(141,14),(142,14),(143,14),(144,14),(145,14),(146,14),(147,14),(148,14),(149,14),(150,14),(151,14),(152,14),(153,14),(154,14),(155,14),(156,14),(157,14),(158,14),(159,14),(160,14),(161,14),(162,14),(163,14),(164,14),(165,14),(166,14),(167,14),(168,14),(169,14),(170,14),(171,14),(172,14),(173,14),(174,14),(175,14),(176,14),(177,14),(178,14),(179,14),(180,14),(181,14),(182,14),(183,14),(184,14),(185,14),(186,14),(187,14),(188,14),(189,14),(190,14),(191,14),(192,14),(193,14),(194,14),(195,14),(196,14),(197,14),(198,14),(199,14),(200,14),(201,14),(202,14),(203,14),(204,14),(205,14),(206,14),(207,14),(208,14),(209,14),(210,14),(211,14),(212,14),(213,14),(214,14),(215,14),(216,14),(217,14),(218,14),(219,14),(220,14),(221,14),(222,14),(223,14),(224,14),(225,14),(226,14),(227,14),(228,14),(229,14),(230,14),(231,14),(232,14),(233,14),(234,14),(235,14),(236,14),(237,14),(238,14),(239,14),(240,14),(241,14),(242,14),(243,14),(244,14),(245,14),(246,14),(247,14),(248,14),(249,14),(250,14),(251,14),(252,14),(253,14),(254,14),(255,14),(256,14),(257,14),(258,14),(259,14),(260,14),(261,14),(262,14),(263,14),(264,14),(265,14),(266,14),(267,14),(268,14),(269,14),(270,14),(271,14),(272,14),(273,14),(274,14),(275,14),(276,14),(277,14),(278,14),(279,14),(280,14),(281,14),(282,14),(283,14),(284,14),(285,14),(286,14),(287,14),(288,14),(289,14),(290,14),(291,14),(292,14),(293,14),(294,14),(295,14),(296,14),(297,14),(298,14),(299,14),(300,14),(301,14),(302,14),(303,14),(304,14),(305,14),(306,14),(307,14),(308,14),(309,14),(310,14),(311,14),(312,14),(313,14),(314,14),(315,14),(316,14),(317,14),(318,14),(319,14),(320,14),(321,14),(322,14),(323,14),(324,14),(325,14),(326,14),(327,14),(328,14),(329,14),(330,14),(331,14),(332,14),(333,14),(334,14),(335,14),(336,14),(337,14),(338,14),(339,14),(340,14),(341,14),(342,14),(343,14),(344,14),(345,14),(346,14),(347,14),(348,14),(349,14),(350,14),(351,14),(352,14),(353,14),(354,14),(355,14),(356,14),(357,14),(358,14),(359,14),(360,14),(361,14),(362,14),(363,14),(364,14),(365,14),(366,14),(367,14),(368,14),(369,14),(370,14),(371,14),(372,14),(373,14),(374,14),(375,14),(376,14),(377,14),(378,14),(379,14),(380,14),(381,14),(382,14),(383,14),(384,14),(385,14),(386,14),(387,14),(388,14),(389,14),(390,14),(391,14),(392,14),(393,14),(394,14),(395,14),(396,14),(397,14),(398,14),(399,14),(400,14),(401,14),(402,14),(403,14),(404,14),(405,14),(406,14),(407,14),(408,14),(409,14),(410,14),(411,14),(412,14),(413,14),(414,14),(415,14),(416,14),(417,14),(418,14),(419,14),(420,14),(421,14),(422,14),(423,14),(424,14),(425,14),(426,14),(427,14),(428,14),(429,14),(430,14),(431,14),(432,14),(433,14),(434,14),(435,14),(436,14),(437,14),(438,14),(439,14),(440,14),(441,14),(442,14),(443,14),(444,14),(445,14),(446,14),(447,14),(448,14),(449,14),(450,14),(451,14),(452,14),(453,14),(454,14),(455,14),(456,14),(457,14),(458,14),(1,15),(2,15),(3,15),(4,15),(5,15),(6,15),(7,15),(8,15),(9,15),(10,15),(11,15),(12,15),(13,15),(14,15),(15,15),(16,15),(17,15),(18,15),(19,15),(20,15),(21,15),(22,15),(23,15),(24,15),(25,15),(26,15),(27,15),(28,15),(29,15),(30,15),(31,15),(32,15),(33,15),(34,15),(35,15),(36,15),(37,15),(38,15),(39,15),(40,15),(41,15),(42,15),(43,15),(44,15),(45,15),(46,15),(47,15),(48,15),(49,15),(50,15),(51,15),(52,15),(53,15),(54,15),(55,15),(56,15),(57,15),(58,15),(59,15),(60,15),(61,15),(62,15),(63,15),(64,15),(65,15),(66,15),(67,15),(68,15),(69,15),(70,15),(71,15),(72,15),(73,15),(74,15),(75,15),(76,15),(77,15),(78,15),(79,15),(80,15),(81,15),(82,15),(83,15),(84,15),(85,15),(86,15),(87,15),(88,15),(89,15),(90,15),(91,15),(92,15),(93,15),(94,15),(95,15),(96,15),(97,15),(98,15),(99,15),(100,15),(101,15),(102,15),(103,15),(104,15),(105,15),(106,15),(107,15),(108,15),(109,15),(110,15),(111,15),(112,15),(113,15),(114,15),(115,15),(116,15),(117,15),(118,15),(119,15),(120,15),(121,15),(122,15),(123,15),(124,15),(125,15),(126,15),(127,15),(128,15),(129,15),(130,15),(131,15),(132,15),(133,15),(134,15),(135,15),(136,15),(137,15),(138,15),(139,15),(140,15),(141,15),(142,15),(143,15),(144,15),(145,15),(146,15),(147,15),(148,15),(149,15),(150,15),(151,15),(152,15),(153,15),(154,15),(155,15),(156,15),(157,15),(158,15),(159,15),(160,15),(161,15),(162,15),(163,15),(164,15),(165,15),(166,15),(167,15),(168,15),(169,15),(170,15),(171,15),(172,15),(173,15),(174,15),(175,15),(176,15),(177,15),(178,15),(179,15),(180,15),(181,15),(182,15),(183,15),(184,15),(185,15),(186,15),(187,15),(188,15),(189,15),(190,15),(191,15),(192,15),(193,15),(194,15),(195,15),(196,15),(197,15),(198,15),(199,15),(200,15),(201,15),(202,15),(203,15),(204,15),(205,15),(206,15),(207,15),(208,15),(209,15),(210,15),(211,15),(212,15),(213,15),(214,15),(215,15),(216,15),(217,15),(218,15),(219,15),(220,15),(221,15),(222,15),(223,15),(224,15),(225,15),(226,15),(227,15),(228,15),(229,15),(230,15),(231,15),(232,15),(233,15),(234,15),(235,15),(236,15),(237,15),(238,15),(239,15),(240,15),(241,15),(242,15),(243,15),(244,15),(245,15),(246,15),(247,15),(248,15),(249,15),(250,15),(251,15),(252,15),(253,15),(254,15),(255,15),(256,15),(257,15),(258,15),(259,15),(260,15),(261,15),(262,15),(263,15),(264,15),(265,15),(266,15),(267,15),(268,15),(269,15),(270,15),(271,15),(272,15),(273,15),(274,15),(275,15),(276,15),(277,15),(278,15),(279,15),(280,15),(281,15),(282,15),(283,15),(284,15),(285,15),(286,15),(287,15),(288,15),(289,15),(290,15),(291,15),(292,15),(293,15),(294,15),(295,15),(296,15),(297,15),(298,15),(299,15),(300,15),(301,15),(302,15),(303,15),(304,15),(305,15),(306,15),(307,15),(308,15),(309,15),(310,15),(311,15),(312,15),(313,15),(314,15),(315,15),(316,15),(317,15),(318,15),(319,15),(320,15),(321,15),(322,15),(323,15),(324,15),(325,15),(326,15),(327,15),(328,15),(329,15),(330,15),(331,15),(332,15),(333,15),(334,15),(335,15),(336,15),(337,15),(338,15),(339,15),(340,15),(341,15),(342,15),(343,15),(344,15),(345,15),(346,15),(347,15),(348,15),(349,15),(350,15),(351,15),(352,15),(353,15),(354,15),(355,15),(356,15),(357,15),(358,15),(359,15),(360,15),(361,15),(362,15),(363,15),(364,15),(365,15),(366,15),(367,15),(368,15),(369,15),(370,15),(371,15),(372,15),(373,15),(374,15),(375,15),(376,15),(377,15),(378,15),(379,15),(380,15),(381,15),(382,15),(383,15),(384,15),(385,15),(386,15),(387,15),(388,15),(389,15),(390,15),(391,15),(392,15),(393,15),(394,15),(395,15),(396,15),(397,15),(398,15),(399,15),(400,15),(401,15),(402,15),(403,15),(404,15),(405,15),(406,15),(407,15),(408,15),(409,15),(410,15),(411,15),(412,15),(413,15),(414,15),(415,15),(416,15),(417,15),(418,15),(419,15),(420,15),(421,15),(422,15),(423,15),(424,15),(425,15),(426,15),(427,15),(428,15),(429,15),(430,15),(431,15),(432,15),(433,15),(434,15),(435,15),(436,15),(437,15),(438,15),(439,15),(440,15),(441,15),(442,15),(443,15),(444,15),(445,15),(446,15),(447,15),(448,15),(449,15),(450,15),(451,15),(452,15),(453,15),(454,15),(455,15),(456,15),(457,15),(458,15),(1,16),(2,16),(3,16),(4,16),(5,16),(6,16),(7,16),(8,16),(9,16),(10,16),(11,16),(12,16),(13,16),(14,16),(15,16),(16,16),(17,16),(18,16),(20,16),(21,16),(22,16),(23,16),(24,16),(26,16),(27,16),(28,16),(29,16),(30,16),(31,16),(32,16),(33,16),(34,16),(35,16),(36,16),(37,16),(38,16),(39,16),(40,16),(41,16),(42,16),(43,16),(44,16),(46,16),(47,16),(48,16),(49,16),(50,16),(51,16),(52,16),(53,16),(54,16),(55,16),(56,16),(57,16),(58,16),(59,16),(60,16),(61,16),(62,16),(64,16),(65,16),(66,16),(67,16),(68,16),(70,16),(71,16),(72,16),(74,16),(75,16),(76,16),(77,16),(78,16),(79,16),(80,16),(82,16),(83,16),(85,16),(86,16),(87,16),(88,16),(89,16),(90,16),(91,16),(92,16),(93,16),(94,16),(95,16),(97,16),(98,16),(99,16),(100,16),(101,16),(102,16),(103,16),(105,16),(107,16),(108,16),(109,16),(110,16),(111,16),(112,16),(113,16),(114,16),(115,16),(116,16),(117,16),(119,16),(120,16),(122,16),(123,16),(124,16),(125,16),(126,16),(127,16),(128,16),(129,16),(130,16),(131,16),(132,16),(133,16),(134,16),(135,16),(136,16),(137,16),(138,16),(139,16),(140,16),(141,16),(142,16),(143,16),(144,16),(145,16),(147,16),(148,16),(149,16),(150,16),(152,16),(153,16),(155,16),(156,16),(157,16),(159,16),(160,16),(161,16),(162,16),(163,16),(164,16),(165,16),(166,16),(167,16),(168,16),(169,16),(170,16),(171,16),(172,16),(173,16),(174,16),(175,16),(176,16),(177,16),(178,16),(179,16),(180,16),(181,16),(182,16),(183,16),(184,16),(185,16),(186,16),(188,16),(189,16),(190,16),(191,16),(192,16),(193,16),(194,16),(195,16),(196,16),(197,16),(198,16),(199,16),(201,16),(202,16),(203,16),(205,16),(206,16),(207,16),(208,16),(209,16),(210,16),(211,16),(212,16),(213,16),(214,16),(215,16),(217,16),(218,16),(219,16),(220,16),(222,16),(223,16),(224,16),(226,16),(227,16),(228,16),(229,16),(230,16),(232,16),(233,16),(234,16),(235,16),(236,16),(237,16),(238,16),(239,16),(240,16),(241,16),(243,16),(244,16),(245,16),(246,16),(247,16),(249,16),(250,16),(251,16),(252,16),(253,16),(254,16),(255,16),(256,16),(258,16),(259,16),(260,16),(261,16),(262,16),(263,16),(265,16),(266,16),(267,16),(268,16),(269,16),(270,16),(271,16),(272,16),(273,16),(274,16),(275,16),(276,16),(277,16),(278,16),(279,16),(280,16),(281,16),(282,16),(283,16),(284,16),(285,16),(286,16),(287,16),(288,16),(289,16),(290,16),(291,16),(292,16),(293,16),(294,16),(295,16),(296,16),(297,16),(298,16),(300,16),(301,16),(302,16),(303,16),(304,16),(305,16),(306,16),(307,16),(308,16),(309,16),(310,16),(311,16),(312,16),(313,16),(315,16),(316,16),(317,16),(318,16),(319,16),(320,16),(321,16),(322,16),(323,16),(324,16),(325,16),(326,16),(327,16),(328,16),(329,16),(330,16),(331,16),(332,16),(333,16),(334,16),(335,16),(336,16),(337,16),(338,16),(339,16),(340,16),(341,16),(342,16),(343,16),(344,16),(345,16),(346,16),(348,16),(349,16),(351,16),(352,16),(354,16),(355,16),(356,16),(357,16),(358,16),(359,16),(360,16),(361,16),(362,16),(363,16),(364,16),(365,16),(368,16),(370,16),(372,16),(373,16),(375,16),(376,16),(377,16),(378,16),(379,16),(380,16),(381,16),(382,16),(383,16),(384,16),(386,16),(387,16),(388,16),(389,16),(390,16),(391,16),(392,16),(393,16),(394,16),(395,16),(396,16),(397,16),(398,16),(399,16),(400,16),(401,16),(402,16),(403,16),(404,16),(406,16),(407,16),(408,16),(409,16),(411,16),(412,16),(413,16),(414,16),(415,16),(416,16),(417,16),(418,16),(419,16),(420,16),(421,16),(422,16),(423,16),(424,16),(425,16),(426,16),(427,16),(428,16),(430,16),(431,16),(432,16),(433,16),(434,16),(435,16),(436,16),(437,16),(439,16),(440,16),(441,16),(442,16),(443,16),(445,16),(446,16),(447,16),(448,16),(449,16),(450,16),(451,16),(452,16),(453,16),(454,16),(455,16),(456,16),(457,16),(458,16);
/*!40000 ALTER TABLE `WhiteDeck2` ENABLE KEYS */;
UNLOCK TABLES;

--
-- Temporary table structure for view `WinningCards`
--

DROP TABLE IF EXISTS `WinningCards`;
/*!50001 DROP VIEW IF EXISTS `WinningCards`*/;
SET @saved_cs_client     = @@character_set_client;
SET character_set_client = utf8;
/*!50001 CREATE TABLE `WinningCards` (
  `BlackCardID` tinyint NOT NULL,
  `WhiteCardID` tinyint NOT NULL
) ENGINE=MyISAM */;
SET character_set_client = @saved_cs_client;

--
-- Temporary table structure for view `WinningLabelCount`
--

DROP TABLE IF EXISTS `WinningLabelCount`;
/*!50001 DROP VIEW IF EXISTS `WinningLabelCount`*/;
SET @saved_cs_client     = @@character_set_client;
SET character_set_client = utf8;
/*!50001 CREATE TABLE `WinningLabelCount` (
  `BlackCardID` tinyint NOT NULL,
  `label` tinyint NOT NULL,
  `ct` tinyint NOT NULL
) ENGINE=MyISAM */;
SET character_set_client = @saved_cs_client;

--
-- Final view structure for view `AI_Players`
--

/*!50001 DROP TABLE IF EXISTS `AI_Players`*/;
/*!50001 DROP VIEW IF EXISTS `AI_Players`*/;
/*!50001 SET @saved_cs_client          = @@character_set_client */;
/*!50001 SET @saved_cs_results         = @@character_set_results */;
/*!50001 SET @saved_col_connection     = @@collation_connection */;
/*!50001 SET character_set_client      = utf8 */;
/*!50001 SET character_set_results     = utf8 */;
/*!50001 SET collation_connection      = utf8_general_ci */;
/*!50001 CREATE ALGORITHM=UNDEFINED */
/*!50013 DEFINER=`root`@`localhost` SQL SECURITY DEFINER */
/*!50001 VIEW `AI_Players` AS select `Player`.`ID` AS `ID`,`Player`.`Name` AS `Name`,`Player`.`AuthToken` AS `AuthToken` from `Player` where (`Player`.`AuthToken` < 0) */;
/*!50001 SET character_set_client      = @saved_cs_client */;
/*!50001 SET character_set_results     = @saved_cs_results */;
/*!50001 SET collation_connection      = @saved_col_connection */;

--
-- Final view structure for view `BlackCardUseCount`
--

/*!50001 DROP TABLE IF EXISTS `BlackCardUseCount`*/;
/*!50001 DROP VIEW IF EXISTS `BlackCardUseCount`*/;
/*!50001 SET @saved_cs_client          = @@character_set_client */;
/*!50001 SET @saved_cs_results         = @@character_set_results */;
/*!50001 SET @saved_col_connection     = @@collation_connection */;
/*!50001 SET character_set_client      = utf8 */;
/*!50001 SET character_set_results     = utf8 */;
/*!50001 SET collation_connection      = utf8_general_ci */;
/*!50001 CREATE ALGORITHM=UNDEFINED */
/*!50013 DEFINER=`root`@`localhost` SQL SECURITY DEFINER */
/*!50001 VIEW `BlackCardUseCount` AS select `WinningCards`.`BlackCardID` AS `BlackCardID`,count(0) AS `count` from `WinningCards` group by `WinningCards`.`BlackCardID` */;
/*!50001 SET character_set_client      = @saved_cs_client */;
/*!50001 SET character_set_results     = @saved_cs_results */;
/*!50001 SET collation_connection      = @saved_col_connection */;

--
-- Final view structure for view `BlackDeck`
--

/*!50001 DROP TABLE IF EXISTS `BlackDeck`*/;
/*!50001 DROP VIEW IF EXISTS `BlackDeck`*/;
/*!50001 SET @saved_cs_client          = @@character_set_client */;
/*!50001 SET @saved_cs_results         = @@character_set_results */;
/*!50001 SET @saved_col_connection     = @@collation_connection */;
/*!50001 SET character_set_client      = utf8 */;
/*!50001 SET character_set_results     = utf8 */;
/*!50001 SET collation_connection      = utf8_general_ci */;
/*!50001 CREATE ALGORITHM=UNDEFINED */
/*!50013 DEFINER=`root`@`localhost` SQL SECURITY DEFINER */
/*!50001 VIEW `BlackDeck` AS select `FullBlackDeck`.`CardID` AS `CardID`,`FullBlackDeck`.`GameID` AS `GameID` from `FullBlackDeck` where (not((`FullBlackDeck`.`CardID`,`FullBlackDeck`.`GameID`) in (select `Round`.`BlackCardID`,`Round`.`GameID` from `Round`))) order by rand() */;
/*!50001 SET character_set_client      = @saved_cs_client */;
/*!50001 SET character_set_results     = @saved_cs_results */;
/*!50001 SET collation_connection      = @saved_col_connection */;

--
-- Final view structure for view `CurrentJudge`
--

/*!50001 DROP TABLE IF EXISTS `CurrentJudge`*/;
/*!50001 DROP VIEW IF EXISTS `CurrentJudge`*/;
/*!50001 SET @saved_cs_client          = @@character_set_client */;
/*!50001 SET @saved_cs_results         = @@character_set_results */;
/*!50001 SET @saved_col_connection     = @@collation_connection */;
/*!50001 SET character_set_client      = utf8 */;
/*!50001 SET character_set_results     = utf8 */;
/*!50001 SET collation_connection      = utf8_general_ci */;
/*!50001 CREATE ALGORITHM=UNDEFINED */
/*!50013 DEFINER=`root`@`localhost` SQL SECURITY DEFINER */
/*!50001 VIEW `CurrentJudge` AS select `PlayersInGame`.`PlayerID` AS `PlayerId`,`PlayersInGame`.`GameID` AS `GameID` from ((`PlayersInGame` join `MaxTurnOrder` on((`PlayersInGame`.`GameID` = `MaxTurnOrder`.`GameID`))) join `Game`) where ((`Game`.`ID` = `PlayersInGame`.`GameID`) and (`PlayersInGame`.`TurnOrder` = (((`Game`.`CurrentRoundNumber` - 1) % `MaxTurnOrder`.`HighestTurnOrder`) + 1))) */;
/*!50001 SET character_set_client      = @saved_cs_client */;
/*!50001 SET character_set_results     = @saved_cs_results */;
/*!50001 SET collation_connection      = @saved_col_connection */;

--
-- Final view structure for view `FullBlackDeck`
--

/*!50001 DROP TABLE IF EXISTS `FullBlackDeck`*/;
/*!50001 DROP VIEW IF EXISTS `FullBlackDeck`*/;
/*!50001 SET @saved_cs_client          = @@character_set_client */;
/*!50001 SET @saved_cs_results         = @@character_set_results */;
/*!50001 SET @saved_col_connection     = @@collation_connection */;
/*!50001 SET character_set_client      = utf8 */;
/*!50001 SET character_set_results     = utf8 */;
/*!50001 SET collation_connection      = utf8_general_ci */;
/*!50001 CREATE ALGORITHM=UNDEFINED */
/*!50013 DEFINER=`root`@`localhost` SQL SECURITY DEFINER */
/*!50001 VIEW `FullBlackDeck` AS select `BlackCard`.`ID` AS `CardID`,`Game`.`ID` AS `GameID` from (`Game` join `BlackCard`) */;
/*!50001 SET character_set_client      = @saved_cs_client */;
/*!50001 SET character_set_results     = @saved_cs_results */;
/*!50001 SET collation_connection      = @saved_col_connection */;

--
-- Final view structure for view `FullWhiteDeck`
--

/*!50001 DROP TABLE IF EXISTS `FullWhiteDeck`*/;
/*!50001 DROP VIEW IF EXISTS `FullWhiteDeck`*/;
/*!50001 SET @saved_cs_client          = @@character_set_client */;
/*!50001 SET @saved_cs_results         = @@character_set_results */;
/*!50001 SET @saved_col_connection     = @@collation_connection */;
/*!50001 SET character_set_client      = utf8 */;
/*!50001 SET character_set_results     = utf8 */;
/*!50001 SET collation_connection      = utf8_general_ci */;
/*!50001 CREATE ALGORITHM=UNDEFINED */
/*!50013 DEFINER=`root`@`localhost` SQL SECURITY DEFINER */
/*!50001 VIEW `FullWhiteDeck` AS select `WhiteCard`.`ID` AS `CardID`,`Game`.`ID` AS `GameID` from (`Game` join `WhiteCard`) */;
/*!50001 SET character_set_client      = @saved_cs_client */;
/*!50001 SET character_set_results     = @saved_cs_results */;
/*!50001 SET collation_connection      = @saved_col_connection */;

--
-- Final view structure for view `InTurn`
--

/*!50001 DROP TABLE IF EXISTS `InTurn`*/;
/*!50001 DROP VIEW IF EXISTS `InTurn`*/;
/*!50001 SET @saved_cs_client          = @@character_set_client */;
/*!50001 SET @saved_cs_results         = @@character_set_results */;
/*!50001 SET @saved_col_connection     = @@collation_connection */;
/*!50001 SET character_set_client      = utf8 */;
/*!50001 SET character_set_results     = utf8 */;
/*!50001 SET collation_connection      = utf8_general_ci */;
/*!50001 CREATE ALGORITHM=UNDEFINED */
/*!50013 DEFINER=`root`@`localhost` SQL SECURITY DEFINER */
/*!50001 VIEW `InTurn` AS select `PlayersInGame`.`PlayerID` AS `PlayerID`,`PlayersInGame`.`GameID` AS `GameID`,`PlayersInGame`.`TurnOrder` AS `TurnOrder` from `PlayersInGame` where (`PlayersInGame`.`TurnOrder` > 0) */;
/*!50001 SET character_set_client      = @saved_cs_client */;
/*!50001 SET character_set_results     = @saved_cs_results */;
/*!50001 SET collation_connection      = @saved_col_connection */;

--
-- Final view structure for view `LabelList`
--

/*!50001 DROP TABLE IF EXISTS `LabelList`*/;
/*!50001 DROP VIEW IF EXISTS `LabelList`*/;
/*!50001 SET @saved_cs_client          = @@character_set_client */;
/*!50001 SET @saved_cs_results         = @@character_set_results */;
/*!50001 SET @saved_col_connection     = @@collation_connection */;
/*!50001 SET character_set_client      = utf8 */;
/*!50001 SET character_set_results     = utf8 */;
/*!50001 SET collation_connection      = utf8_general_ci */;
/*!50001 CREATE ALGORITHM=UNDEFINED */
/*!50013 DEFINER=`root`@`localhost` SQL SECURITY DEFINER */
/*!50001 VIEW `LabelList` AS select distinct `Labels`.`label` AS `label` from `Labels` */;
/*!50001 SET character_set_client      = @saved_cs_client */;
/*!50001 SET character_set_results     = @saved_cs_results */;
/*!50001 SET collation_connection      = @saved_col_connection */;

--
-- Final view structure for view `LabelWeights`
--

/*!50001 DROP TABLE IF EXISTS `LabelWeights`*/;
/*!50001 DROP VIEW IF EXISTS `LabelWeights`*/;
/*!50001 SET @saved_cs_client          = @@character_set_client */;
/*!50001 SET @saved_cs_results         = @@character_set_results */;
/*!50001 SET @saved_col_connection     = @@collation_connection */;
/*!50001 SET character_set_client      = utf8 */;
/*!50001 SET character_set_results     = utf8 */;
/*!50001 SET collation_connection      = utf8_general_ci */;
/*!50001 CREATE ALGORITHM=UNDEFINED */
/*!50013 DEFINER=`root`@`localhost` SQL SECURITY DEFINER */
/*!50001 VIEW `LabelWeights` AS select `win`.`BlackCardID` AS `BlackCardID`,`win`.`label` AS `label`,((`win`.`ct` + 1) / (`total`.`count` + 2)) AS `weight` from (`WinningLabelCount` `win` join `BlackCardUseCount` `total` on((`win`.`BlackCardID` = `total`.`BlackCardID`))) */;
/*!50001 SET character_set_client      = @saved_cs_client */;
/*!50001 SET character_set_results     = @saved_cs_results */;
/*!50001 SET collation_connection      = @saved_col_connection */;

--
-- Final view structure for view `MaxTurnOrder`
--

/*!50001 DROP TABLE IF EXISTS `MaxTurnOrder`*/;
/*!50001 DROP VIEW IF EXISTS `MaxTurnOrder`*/;
/*!50001 SET @saved_cs_client          = @@character_set_client */;
/*!50001 SET @saved_cs_results         = @@character_set_results */;
/*!50001 SET @saved_col_connection     = @@collation_connection */;
/*!50001 SET character_set_client      = utf8 */;
/*!50001 SET character_set_results     = utf8 */;
/*!50001 SET collation_connection      = utf8_general_ci */;
/*!50001 CREATE ALGORITHM=UNDEFINED */
/*!50013 DEFINER=`root`@`localhost` SQL SECURITY DEFINER */
/*!50001 VIEW `MaxTurnOrder` AS select `Game`.`ID` AS `GameID`,count(`InTurn`.`TurnOrder`) AS `HighestTurnOrder` from (`Game` left join `InTurn` on((`Game`.`ID` = `InTurn`.`GameID`))) group by `InTurn`.`GameID` */;
/*!50001 SET character_set_client      = @saved_cs_client */;
/*!50001 SET character_set_results     = @saved_cs_results */;
/*!50001 SET collation_connection      = @saved_col_connection */;

--
-- Final view structure for view `PlayerCount`
--

/*!50001 DROP TABLE IF EXISTS `PlayerCount`*/;
/*!50001 DROP VIEW IF EXISTS `PlayerCount`*/;
/*!50001 SET @saved_cs_client          = @@character_set_client */;
/*!50001 SET @saved_cs_results         = @@character_set_results */;
/*!50001 SET @saved_col_connection     = @@collation_connection */;
/*!50001 SET character_set_client      = utf8 */;
/*!50001 SET character_set_results     = utf8 */;
/*!50001 SET collation_connection      = utf8_general_ci */;
/*!50001 CREATE ALGORITHM=UNDEFINED */
/*!50013 DEFINER=`root`@`localhost` SQL SECURITY DEFINER */
/*!50001 VIEW `PlayerCount` AS select `Game`.`ID` AS `GameID`,count(`PlayersInGame`.`PlayerID`) AS `PlayerCount` from (`Game` left join `PlayersInGame` on((`Game`.`ID` = `PlayersInGame`.`GameID`))) group by `Game`.`ID` */;
/*!50001 SET character_set_client      = @saved_cs_client */;
/*!50001 SET character_set_results     = @saved_cs_results */;
/*!50001 SET collation_connection      = @saved_col_connection */;

--
-- Final view structure for view `PlayerHand`
--

/*!50001 DROP TABLE IF EXISTS `PlayerHand`*/;
/*!50001 DROP VIEW IF EXISTS `PlayerHand`*/;
/*!50001 SET @saved_cs_client          = @@character_set_client */;
/*!50001 SET @saved_cs_results         = @@character_set_results */;
/*!50001 SET @saved_col_connection     = @@collation_connection */;
/*!50001 SET character_set_client      = utf8 */;
/*!50001 SET character_set_results     = utf8 */;
/*!50001 SET collation_connection      = utf8_general_ci */;
/*!50001 CREATE ALGORITHM=UNDEFINED */
/*!50013 DEFINER=`root`@`localhost` SQL SECURITY DEFINER */
/*!50001 VIEW `PlayerHand` AS select `CardInHand`.`PlayerID` AS `PlayerID`,`CardInHand`.`CardID` AS `CardID`,`CardInHand`.`RoundPlayed` AS `RoundPlayed`,`CardInHand`.`GameID` AS `GameID` from ((`Player` join `CardInHand`) join `WhiteCard`) where ((`Player`.`ID` = `CardInHand`.`PlayerID`) and (`WhiteCard`.`ID` = `CardInHand`.`CardID`)) */;
/*!50001 SET character_set_client      = @saved_cs_client */;
/*!50001 SET character_set_results     = @saved_cs_results */;
/*!50001 SET collation_connection      = @saved_col_connection */;

--
-- Final view structure for view `Players_Played`
--

/*!50001 DROP TABLE IF EXISTS `Players_Played`*/;
/*!50001 DROP VIEW IF EXISTS `Players_Played`*/;
/*!50001 SET @saved_cs_client          = @@character_set_client */;
/*!50001 SET @saved_cs_results         = @@character_set_results */;
/*!50001 SET @saved_col_connection     = @@collation_connection */;
/*!50001 SET character_set_client      = utf8 */;
/*!50001 SET character_set_results     = utf8 */;
/*!50001 SET collation_connection      = utf8_general_ci */;
/*!50001 CREATE ALGORITHM=UNDEFINED */
/*!50013 DEFINER=`root`@`localhost` SQL SECURITY DEFINER */
/*!50001 VIEW `Players_Played` AS select distinct `Game`.`ID` AS `GameID`,`pig`.`PlayerID` AS `PlayerID` from ((`Game` join `PlayersInGame` `pig` on((`Game`.`ID` = `pig`.`GameID`))) join `CardInHand` `cih` on(((`cih`.`GameID` = `Game`.`ID`) and (`cih`.`PlayerID` = `pig`.`PlayerID`)))) where (`cih`.`RoundPlayed` = `Game`.`CurrentRoundNumber`) */;
/*!50001 SET character_set_client      = @saved_cs_client */;
/*!50001 SET character_set_results     = @saved_cs_results */;
/*!50001 SET collation_connection      = @saved_col_connection */;

--
-- Final view structure for view `WhiteDeck`
--

/*!50001 DROP TABLE IF EXISTS `WhiteDeck`*/;
/*!50001 DROP VIEW IF EXISTS `WhiteDeck`*/;
/*!50001 SET @saved_cs_client          = @@character_set_client */;
/*!50001 SET @saved_cs_results         = @@character_set_results */;
/*!50001 SET @saved_col_connection     = @@collation_connection */;
/*!50001 SET character_set_client      = utf8 */;
/*!50001 SET character_set_results     = utf8 */;
/*!50001 SET collation_connection      = utf8_general_ci */;
/*!50001 CREATE ALGORITHM=UNDEFINED */
/*!50013 DEFINER=`root`@`localhost` SQL SECURITY DEFINER */
/*!50001 VIEW `WhiteDeck` AS select `FullWhiteDeck`.`CardID` AS `CardID`,`FullWhiteDeck`.`GameID` AS `GameID` from `FullWhiteDeck` where (not((`FullWhiteDeck`.`CardID`,`FullWhiteDeck`.`GameID`) in (select `CardInHand`.`CardID`,`CardInHand`.`GameID` from `CardInHand`))) order by rand() */;
/*!50001 SET character_set_client      = @saved_cs_client */;
/*!50001 SET character_set_results     = @saved_cs_results */;
/*!50001 SET collation_connection      = @saved_col_connection */;

--
-- Final view structure for view `WinningCards`
--

/*!50001 DROP TABLE IF EXISTS `WinningCards`*/;
/*!50001 DROP VIEW IF EXISTS `WinningCards`*/;
/*!50001 SET @saved_cs_client          = @@character_set_client */;
/*!50001 SET @saved_cs_results         = @@character_set_results */;
/*!50001 SET @saved_col_connection     = @@collation_connection */;
/*!50001 SET character_set_client      = utf8 */;
/*!50001 SET character_set_results     = utf8 */;
/*!50001 SET collation_connection      = utf8_general_ci */;
/*!50001 CREATE ALGORITHM=UNDEFINED */
/*!50013 DEFINER=`root`@`localhost` SQL SECURITY DEFINER */
/*!50001 VIEW `WinningCards` AS select `A`.`BlackCardID` AS `BlackCardID`,`B`.`CardID` AS `WhiteCardID` from (`Round` `A` join `CardInHand` `B` on(((`B`.`PlayerID` = `A`.`WinnerID`) and (`A`.`GameID` = `B`.`GameID`) and (`A`.`RoundNumber` = `B`.`RoundPlayed`)))) */;
/*!50001 SET character_set_client      = @saved_cs_client */;
/*!50001 SET character_set_results     = @saved_cs_results */;
/*!50001 SET collation_connection      = @saved_col_connection */;

--
-- Final view structure for view `WinningLabelCount`
--

/*!50001 DROP TABLE IF EXISTS `WinningLabelCount`*/;
/*!50001 DROP VIEW IF EXISTS `WinningLabelCount`*/;
/*!50001 SET @saved_cs_client          = @@character_set_client */;
/*!50001 SET @saved_cs_results         = @@character_set_results */;
/*!50001 SET @saved_col_connection     = @@collation_connection */;
/*!50001 SET character_set_client      = utf8 */;
/*!50001 SET character_set_results     = utf8 */;
/*!50001 SET collation_connection      = utf8_general_ci */;
/*!50001 CREATE ALGORITHM=UNDEFINED */
/*!50013 DEFINER=`root`@`localhost` SQL SECURITY DEFINER */
/*!50001 VIEW `WinningLabelCount` AS select `bc`.`ID` AS `BlackCardID`,`LabelList`.`label` AS `label`,count(`wc`.`BlackCardID`) AS `ct` from ((`BlackCard` `bc` join `LabelList`) left join (`WinningCards` `wc` join `Labels` `wl` on((`wc`.`WhiteCardID` = `wl`.`ID`))) on(((`bc`.`ID` = `wc`.`BlackCardID`) and (`LabelList`.`label` = `wl`.`label`)))) group by `bc`.`ID`,`LabelList`.`label` */;
/*!50001 SET character_set_client      = @saved_cs_client */;
/*!50001 SET character_set_results     = @saved_cs_results */;
/*!50001 SET collation_connection      = @saved_col_connection */;
/*!40103 SET TIME_ZONE=@OLD_TIME_ZONE */;

/*!40101 SET SQL_MODE=@OLD_SQL_MODE */;
/*!40014 SET FOREIGN_KEY_CHECKS=@OLD_FOREIGN_KEY_CHECKS */;
/*!40014 SET UNIQUE_CHECKS=@OLD_UNIQUE_CHECKS */;
/*!40101 SET CHARACTER_SET_CLIENT=@OLD_CHARACTER_SET_CLIENT */;
/*!40101 SET CHARACTER_SET_RESULTS=@OLD_CHARACTER_SET_RESULTS */;
/*!40101 SET COLLATION_CONNECTION=@OLD_COLLATION_CONNECTION */;
/*!40111 SET SQL_NOTES=@OLD_SQL_NOTES */;

-- Dump completed on 2014-04-28 12:37:26
